Workbook

Sheet final_plots
A1: Params | B1: RH [%] | C1: PC | D1: CaCl_1 | E1: CaCl_12 | F1: ZnN_5 | G1: ZnN_15 | H1: LiCl_10 | I1: p_20 | J1: p_tr_40 LiCl_10 | K1: p_tr_90 LiCl_10
B3: RH [%] | C3: dm [g/g] | D3: dm [g/g] | E3: dm [g/g] | F3: dm [g/g] | G3: dm [g/g] | H3: dm [g/g]
B4: 0 | C4: 0 | D4: 0 | E4: 0 | F4: 0 | G4: 0 | H4: 0 | I4: 0 | J4: 0 | K4: 0
B5: 5 | E5: 0.012081547 | F5: 0.0089237538 | G5: 0.0042071457 | H5: 0.048975385 | I5: =B5/100*$K$19 -> 1.16965 | J5: 4.4710313 | K5: 62.51431
B6: 10 | C6: 0.017494775 | D6: 0.046421774 | E6: 0.029011023 | F6: 0.026563732 | G6: 0.015014051 | H6: 0.09460509 | I6: =B6/100*$K$19 -> 2.3393 | J6: 8.5548377 | K6: 109.39149
B7: 15 | E7: 0.067080016 | F7: 0.074025651 | G7: 0.073962264 | H7: 0.24958179 | I7: =B7/100*$K$19 -> 3.50895 | J7: 12.504219 | K7: 151.7511
B8: 20 | C8: 0.027877031 | D8: 0.06914612 | E8: 0.10026281 | F8: 0.09807828 | G8: 0.093520674 | H8: 0.30639861 | I8: =B8/100*$K$19 -> 4.6786 | J8: 16.368762 | K8: 191.42016
B9: 25 | E9: 0.13229741 | F9: 0.12003486 | G9: 0.13289442 | H9: 0.36993667 | I9: =B9/100*$K$19 -> 5.84825 | J9: 20.171421 | K9: 229.20153
B10: 30 | C10: 0.037248028 | D10: 0.098395844 | E10: 0.15813176 | F10: 0.14074627 | G10: 0.15656363 | H10: 0.43347473 | I10: =B10/100*$K$19 -> 7.0179 | J10: 23.92548 | K10: 265.54367
B11: 35 | E11: 0.22470147 | F11: 0.1618935 | G11: 0.17798475 | H11: 0.50917075 | I11: =B11/100*$K$19 -> 8.18755 | J11: 27.639599 | K11: 300.73102
B12: 40 | C12: 0.046147104 | D12: 0.12554199 | E12: 0.29016126 | F12: 0.18299921 | G12: 0.2006102 | H12: 0.58128211 | I12: =B12/100*$K$19 -> 9.3572 | J12: 31.319867 | K12: 334.9591
B13: 45 | E13: 0.35407736 | F13: 0.20690657 | G13: 0.22530711 | H13: 0.6497192 | I13: =B13/100*$K$19 -> 10.52685 | J13: 34.970792 | K13: 368.37
B14: 50 | C14: 0.055888896 | D14: 0.165882 | E14: 0.42285415 | F14: 0.23344955 | G14: 0.25252509 | H14: 0.72849205 | I14: =B14/100*$K$19 -> 11.6965 | J14: 38.595845 | K14: 401.07134
A17: Xa | C17: 0.022543195 | D17: 0.056522358 | E17: 0.059032449 | F17: 0.062646933 | G17: 0.059021456 | H17: 0.20656348 | J17: pA | K17: 12.282
A18: Xc | C18: 0.0087095276 | D18: 0.022953085 | E18: 0.0076824759 | F18: 0.0057890535 | G18: 0.001764111 | H18: 0.028474749 | J18: pC | K18: 42.47
A19: DeltaX | C19: 0.013833667 | D19: 0.033569273 | E19: 0.051349974 | F19: 0.056857879 | G19: 0.057257345 | H19: 0.17808873 | J19: p0_20 | K19: 23.393
A20: qst | C20: 48.890915 | D20: 48.863978 | E20: 48.670023 | F20: 48.710723 | G20: 48.596859 | H20: 48.75483 | J20: p0_40 | K20: 73.849
A21: Qu | C21: 37.543194 | D21: 91.053468 | E21: 138.72908 | F21: 153.73791 | G21: 154.45613 | H21: 481.96979 | J21: p0_90 | K21: 701.82
A22: W0_20 | C22: 0.1237728 | D22: 0.94233965 | E22: 2.6433731 | F22: 0.32345214 | G22: 0.31098906 | H22: 1.1238206
A23: E_20 | C23: 2286.7762 | D23: 509.3896 | E23: 733.84588 | F23: 3360.9188 | G23: 3578.74 | H23: 3115.4801
A24: n_20 | C24: 0.74554322 | D24: 0.46688017 | E24: 0.72159069 | F24: 1.5063053 | G24: 1.9077944 | H24: 1.3017092

Sheet Valori output_1_20
B1: RH [%] | C1: SrB_50 | D1: LiCl_50 | E1: MgCl_50 | F1: CaCl_50 | G1: MgN_50 | H1: ZnN_50 | I1: AlS_50 | J1: CuS_50 | K1: KAlS_50 | L1: MgS_50 | M1: PC | N1: KC_50 | O1: - | P1: - | Q1: - | R1: - | S1: - | T1: - | U1: - | V1: - | W1: - | X1: - | Y1: -
C2: ='Valori input_1_20'!B$1 -> S01 | D2: ='Valori input_1_20'!C$1 -> S02 | E2: ='Valori input_1_20'!D$1 -> S03 | F2: ='Valori input_1_20'!E$1 -> S04 | G2: ='Valori input_1_20'!F$1 -> S05 | H2: ='Valori input_1_20'!G$1 -> S06 | I2: ='Valori input_1_20'!H$1 -> S07 | J2: ='Valori input_1_20'!I$1 -> S08 | ... Y2: ='Valori input_1_20'!X$1 -> S23
B3: RH [%] | C3: dm [g/g] | D3: dm [g/g] | E3: dm [g/g] | F3: dm [g/g] | G3: dm [g/g] | H3: dm [g/g] | I3: dm [g/g] | J3: dm [g/g] | K3: dm [g/g] | L3: dm [g/g] | M3: dm [g/g] | N3: dm [g/g] | O3: dm [g/g] | P3: dm [g/g] | Q3: dm [g/g] | R3: dm [g/g] | S3: dm [g/g] | T3: dm [g/g] | U3: dm [g/g] | V3: dm [g/g] | W3: dm [g/g] | X3: dm [g/g] | Y3: dm [g/g]
B4: 0 | C4: ='Valori input_1_20'!B5*'Valori input_1_20'!$B$18 -> 0 | D4: ='Valori input_1_20'!C5*'Valori input_1_20'!$B$18 -> 0 | E4: ='Valori input_1_20'!D5*'Valori input_1_20'!$B$18 -> 0 | F4: ='Valori input_1_20'!E5*'Valori input_1_20'!$B$18 -> 0 | G4: ='Valori input_1_20'!F5*'Valori input_1_20'!$B$18 -> 0 | H4: ='Valori input_1_20'!G5*'Valori input_1_20'!$B$18 -> 0 | I4: ='Valori input_1_20'!H5*'Valori input_1_20'!$B$18 -> 0 | J4: ='Valori input_1_20'!I5*'Valori input_1_20'!$B$18 -> 0 | ... Y4: ='Valori input_1_20'!X5*'Valori input_1_20'!$B$18 -> 0
B5: 10 | C5: ='Valori input_1_20'!B6*'Valori input_1_20'!$B$18 -> 0.049218512 | D5: ='Valori input_1_20'!C6*'Valori input_1_20'!$B$18 -> 0.060460022 | E5: ='Valori input_1_20'!D6*'Valori input_1_20'!$B$18 -> 0.037255933 | F5: ='Valori input_1_20'!E6*'Valori input_1_20'!$B$18 -> 0.046421774 | G5: ='Valori input_1_20'!F6*'Valori input_1_20'!$B$18 -> 0.030415196 | H5: ='Valori input_1_20'!G6*'Valori input_1_20'!$B$18 -> 0.017626614 | I5: ='Valori input_1_20'!H6*'Valori input_1_20'!$B$18 -> 0.010122423 | J5: ='Valori input_1_20'!I6*'Valori input_1_20'!$B$18 -> 0.0047356315 | ... Y5: ='Valori input_1_20'!X6*'Valori input_1_20'!$B$18 -> 0
B6: 20 | C6: ='Valori input_1_20'!B7*'Valori input_1_20'!$B$18 -> 0.09699131 | D6: ='Valori input_1_20'!C7*'Valori input_1_20'!$B$18 -> 0.12235388 | E6: ='Valori input_1_20'!D7*'Valori input_1_20'!$B$18 -> 0.065001908 | F6: ='Valori input_1_20'!E7*'Valori input_1_20'!$B$18 -> 0.06914612 | G6: ='Valori input_1_20'!F7*'Valori input_1_20'!$B$18 -> 0.051605406 | H6: ='Valori input_1_20'!G7*'Valori input_1_20'!$B$18 -> 0.069347898 | I6: ='Valori input_1_20'!H7*'Valori input_1_20'!$B$18 -> 0.017383009 | J6: ='Valori input_1_20'!I7*'Valori input_1_20'!$B$18 -> 0.0075619766 | ... Y6: ='Valori input_1_20'!X7*'Valori input_1_20'!$B$18 -> 0
B7: 30 | C7: ='Valori input_1_20'!B8*'Valori input_1_20'!$B$18 -> 0.11801841 | D7: ='Valori input_1_20'!C8*'Valori input_1_20'!$B$18 -> 0.18247536 | E7: ='Valori input_1_20'!D8*'Valori input_1_20'!$B$18 -> 0.093232664 | F7: ='Valori input_1_20'!E8*'Valori input_1_20'!$B$18 -> 0.098395844 | G7: ='Valori input_1_20'!F8*'Valori input_1_20'!$B$18 -> 0.074574618 | H7: ='Valori input_1_20'!G8*'Valori input_1_20'!$B$18 -> 0.095642999 | I7: ='Valori input_1_20'!H8*'Valori input_1_20'!$B$18 -> 0.023654318 | J7: ='Valori input_1_20'!I8*'Valori input_1_20'!$B$18 -> 0.0098471068 | ... Y7: ='Valori input_1_20'!X8*'Valori input_1_20'!$B$18 -> 0
B8: 40 | C8: ='Valori input_1_20'!B9*'Valori input_1_20'!$B$18 -> 0.13331084 | D8: ='Valori input_1_20'!C9*'Valori input_1_20'!$B$18 -> 0.25956388 | E8: ='Valori input_1_20'!D9*'Valori input_1_20'!$B$18 -> 0.12639375 | F8: ='Valori input_1_20'!E9*'Valori input_1_20'!$B$18 -> 0.12554199 | G8: ='Valori input_1_20'!F9*'Valori input_1_20'!$B$18 -> 0.094803592 | H8: ='Valori input_1_20'!G9*'Valori input_1_20'!$B$18 -> 0.12305528 | I8: ='Valori input_1_20'!H9*'Valori input_1_20'!$B$18 -> 0.029907962 | J8: ='Valori input_1_20'!I9*'Valori input_1_20'!$B$18 -> 0.012057068 | ... Y8: ='Valori input_1_20'!X9*'Valori input_1_20'!$B$18 -> 0
B9: 50 | C9: ='Valori input_1_20'!B10*'Valori input_1_20'!$B$18 -> 0.15629769 | D9: ='Valori input_1_20'!C10*'Valori input_1_20'!$B$18 -> 0.32912476 | E9: ='Valori input_1_20'!D10*'Valori input_1_20'!$B$18 -> 0.1712102 | F9: ='Valori input_1_20'!E10*'Valori input_1_20'!$B$18 -> 0.165882 | G9: ='Valori input_1_20'!F10*'Valori input_1_20'!$B$18 -> 0.11595076 | H9: ='Valori input_1_20'!G10*'Valori input_1_20'!$B$18 -> 0.1550811 | I9: ='Valori input_1_20'!H10*'Valori input_1_20'!$B$18 -> 0.040666349 | J9: ='Valori input_1_20'!I10*'Valori input_1_20'!$B$18 -> 0.015244223 | ... Y9: ='Valori input_1_20'!X10*'Valori input_1_20'!$B$18 -> 0
B10: 60 | C10: ='Valori input_1_20'!B11*'Valori input_1_20'!$B$18 -> 0.22511365 | D10: ='Valori input_1_20'!C11*'Valori input_1_20'!$B$18 -> 0.41646918 | E10: ='Valori input_1_20'!D11*'Valori input_1_20'!$B$18 -> 0.26637167 | F10: ='Valori input_1_20'!E11*'Valori input_1_20'!$B$18 -> 0.32855855 | G10: ='Valori input_1_20'!F11*'Valori input_1_20'!$B$18 -> 0.14170325 | H10: ='Valori input_1_20'!G11*'Valori input_1_20'!$B$18 -> 0.19823734 | I10: ='Valori input_1_20'!H11*'Valori input_1_20'!$B$18 -> 0.050841769 | J10: ='Valori input_1_20'!I11*'Valori input_1_20'!$B$18 -> 0.01943864 | ... Y10: ='Valori input_1_20'!X11*'Valori input_1_20'!$B$18 -> 0
B11: 70 | C11: ='Valori input_1_20'!B12*'Valori input_1_20'!$B$18 -> 0.26649318 | D11: ='Valori input_1_20'!C12*'Valori input_1_20'!$B$18 -> 0.53912178 | E11: ='Valori input_1_20'!D12*'Valori input_1_20'!$B$18 -> 0.35832534 | F11: ='Valori input_1_20'!E12*'Valori input_1_20'!$B$18 -> 0.42572373 | G11: ='Valori input_1_20'!F12*'Valori input_1_20'!$B$18 -> 0.18325156 | H11: ='Valori input_1_20'!G12*'Valori input_1_20'!$B$18 -> 0.26770937 | I11: ='Valori input_1_20'!H12*'Valori input_1_20'!$B$18 -> 0.11403183 | J11: ='Valori input_1_20'!I12*'Valori input_1_20'!$B$18 -> 0.0324278 | ... Y11: ='Valori input_1_20'!X12*'Valori input_1_20'!$B$18 -> 0
B12: 80 | C12: ='Valori input_1_20'!B13*'Valori input_1_20'!$B$18 -> 0.33026521 | D12: ='Valori input_1_20'!C13*'Valori input_1_20'!$B$18 -> 0.74418003 | E12: ='Valori input_1_20'!D13*'Valori input_1_20'!$B$18 -> 0.48149065 | F12: ='Valori input_1_20'!E13*'Valori input_1_20'!$B$18 -> 0.56133999 | G12: ='Valori input_1_20'!F13*'Valori input_1_20'!$B$18 -> 0.26616166 | H12: ='Valori input_1_20'!G13*'Valori input_1_20'!$B$18 -> 0.39202665 | I12: ='Valori input_1_20'!H13*'Valori input_1_20'!$B$18 -> 0.20213048 | J12: ='Valori input_1_20'!I13*'Valori input_1_20'!$B$18 -> 0.072567915 | ... Y12: ='Valori input_1_20'!X13*'Valori input_1_20'!$B$18 -> 0
B13: 90 | C13: ='Valori input_1_20'!B14*'Valori input_1_20'!$B$18 -> 0.46666024 | D13: ='Valori input_1_20'!C14*'Valori input_1_20'!$B$18 -> 1.0937768 | E13: ='Valori input_1_20'!D14*'Valori input_1_20'!$B$18 -> 0.67504203 | F13: ='Valori input_1_20'!E14*'Valori input_1_20'!$B$18 -> 0.78899844 | G13: ='Valori input_1_20'!F14*'Valori input_1_20'!$B$18 -> 0.40591375 | H13: ='Valori input_1_20'!G14*'Valori input_1_20'!$B$18 -> 0.61316617 | I13: ='Valori input_1_20'!H14*'Valori input_1_20'!$B$18 -> 0.23145547 | J13: ='Valori input_1_20'!I14*'Valori input_1_20'!$B$18 -> 0.089931897 | ... Y13: ='Valori input_1_20'!X14*'Valori input_1_20'!$B$18 -> 0
A16: Xa | C16: 0.072473782 | D16: 0.088502313 | E16: 0.049251389 | F16: 0.056522358 | G16: 0.04100528 | H16: 0.040885223 | I16: 0.013066722 | J16: 0.0060277733 | K16: 0.024328001 | L16: 0.026910765 | M16: 0.022543195 | N16: 0.020960959 | P16: pA | Q16: 12.282 | R16: mbar
A17: Xc | C17: 0.01381089 | D17: 0.019609811 | E17: 0.016537226 | F17: 0.022953085 | G17: 0.012872283 | H17: 0.0024178391 | I17: 0.004167264 | J17: 0.0024687955 | K17: 0.0096374531 | L17: 0.012403682 | M17: 0.0087095276 | N17: 0.0079844981 | P17: pC | Q17: 42.47 | R17: mbar
A18: deltax | C18: 0.058662893 | D18: 0.068892502 | E18: 0.032714163 | F18: 0.033569273 | G18: 0.028132997 | H18: 0.038467384 | I18: 0.0088994585 | J18: 0.0035589778 | K18: 0.014690547 | L18: 0.014507083 | M18: 0.013833667 | N18: 0.01297646
A19: qst | C19: 48.879809 | D19: 48.788197 | E19: 48.829663 | F19: 48.863978 | G19: 48.855609 | H19: 48.666652 | I19: 48.845801 | J19: 48.891071 | K19: 48.89742 | L19: 48.918078 | M19: 48.890915 | N19: 48.882161
A20: Qu | C20: 159.16908 | D20: 186.57458 | E20: 88.671748 | F20: 91.053468 | G20: 76.295014 | H20: 103.91778 | I20: 24.129957 | J20: 9.6587419 | K20: 39.873987 | L20: 39.392651 | M20: 37.543194 | N20: 35.210515
A21: W0_20 | C21: 0.17695781 | D21: 0.84873356 | E21: 1.0016901 | F21: 0.94233965 | G21: 0.25932586 | H21: 0.20016221 | I21: 0.10993387 | J21: 0.039633264 | K21: 0.12532304 | L21: 0.13634721 | M21: 0.1237728 | N21: 0.13379579
A22: E_20 | C22: 4980.8748 | D22: 1805.6421 | E22: 559.01523 | F22: 509.3896 | G22: 2212.089 | H22: 3567.9033 | I22: 1638.6129 | J22: 1768.7172 | K22: 2421.5752 | L22: 2232.2727 | M22: 2286.7762 | N22: 1944.5442
A23: n_20 | C23: 1.7640319 | D23: 0.85830821 | E23: 0.51948182 | F23: 0.46688017 | G23: 0.81912591 | H23: 1.7183243 | I23: 0.72181683 | J23: 0.6519277 | K23: 0.75247088 | L23: 0.65572545 | M23: 0.74554322 | N23: 0.7043374

Sheet Valori output_2_20
B1: RH [%] | C1: SrB_2 | D1: LiCl_2 | E1: MgCl_2 | F1: CaCl_2 | G1: MgN_2 | H1: ZnN_2 | I1: AlS_2 | J1: CuS_2 | K1: KAlS_2 | L1: MgS_2 | M1: KC_2 | N1: SrB_50_bis | O1: CaCl_50_bis | P1: MgN_50_bis | Q1: ZnN_50_bis | R1: AlS_50_bis | S1: MgS_50_bis | T1: - | U1: - | V1: - | W1: - | X1: - | Y1: -
C2: ='Valori input_2_20'!B$1 -> S07 | D2: ='Valori input_2_20'!C$1 -> S09 | E2: ='Valori input_2_20'!D$1 -> S10 | F2: ='Valori input_2_20'!E$1 -> S11 | G2: ='Valori input_2_20'!F$1 -> S13 | H2: ='Valori input_2_20'!G$1 -> S15 | I2: ='Valori input_2_20'!H$1 -> S17 | J2: ='Valori input_2_20'!I$1 -> S19 | ... Y2: ='Valori input_2_20'!X$1 -> S23
B3: RH [%] | C3: dm [g] | D3: dm [g] | E3: dm [g] | F3: dm [g] | G3: dm [g] | H3: dm [g] | I3: dm [g] | J3: dm [g] | K3: dm [g] | L3: dm [g] | M3: dm [g] | N3: dm [g] | O3: dm [g] | P3: dm [g] | Q3: dm [g] | R3: dm [g] | S3: dm [g] | T3: dm [g] | U3: dm [g] | V3: dm [g] | W3: dm [g] | X3: dm [g] | Y3: dm [g]
B4: 0 | C4: ='Valori input_2_20'!B5*'Valori input_2_20'!$B$18 -> 0 | D4: ='Valori input_2_20'!C5*'Valori input_2_20'!$B$18 -> 0 | E4: ='Valori input_2_20'!D5*'Valori input_2_20'!$B$18 -> 0 | F4: ='Valori input_2_20'!E5*'Valori input_2_20'!$B$18 -> 0 | G4: ='Valori input_2_20'!F5*'Valori input_2_20'!$B$18 -> 0 | H4: ='Valori input_2_20'!G5*'Valori input_2_20'!$B$18 -> 0 | I4: ='Valori input_2_20'!H5*'Valori input_2_20'!$B$18 -> 0 | J4: ='Valori input_2_20'!I5*'Valori input_2_20'!$B$18 -> 0 | ... Y4: ='Valori input_2_20'!X5*'Valori input_2_20'!$B$18 -> 0
B5: 10 | C5: ='Valori input_2_20'!B6*'Valori input_2_20'!$B$18 -> 0.027402005 | D5: ='Valori input_2_20'!C6*'Valori input_2_20'!$B$18 -> 0.025269907 | E5: ='Valori input_2_20'!D6*'Valori input_2_20'!$B$18 -> 0.016411542 | F5: ='Valori input_2_20'!E6*'Valori input_2_20'!$B$18 -> 0.031235907 | G5: ='Valori input_2_20'!F6*'Valori input_2_20'!$B$18 -> 0.018795065 | H5: ='Valori input_2_20'!G6*'Valori input_2_20'!$B$18 -> 0.012689377 | I5: ='Valori input_2_20'!H6*'Valori input_2_20'!$B$18 -> 0.0057417582 | J5: ='Valori input_2_20'!I6*'Valori input_2_20'!$B$18 -> 0.0017386791 | ... Y5: ='Valori input_2_20'!X6*'Valori input_2_20'!$B$18 -> 0
B6: 20 | C6: ='Valori input_2_20'!B7*'Valori input_2_20'!$B$18 -> 0.049735643 | D6: ='Valori input_2_20'!C7*'Valori input_2_20'!$B$18 -> 0.039884965 | E6: ='Valori input_2_20'!D7*'Valori input_2_20'!$B$18 -> 0.042714767 | F6: ='Valori input_2_20'!E7*'Valori input_2_20'!$B$18 -> 0.077377703 | G6: ='Valori input_2_20'!F7*'Valori input_2_20'!$B$18 -> 0.035642279 | H6: ='Valori input_2_20'!G7*'Valori input_2_20'!$B$18 -> 0.033798808 | I6: ='Valori input_2_20'!H7*'Valori input_2_20'!$B$18 -> 0.012637363 | J6: ='Valori input_2_20'!I7*'Valori input_2_20'!$B$18 -> 0.0050862852 | ... Y6: ='Valori input_2_20'!X7*'Valori input_2_20'!$B$18 -> 0
B7: 30 | C7: ='Valori input_2_20'!B8*'Valori input_2_20'!$B$18 -> 0.067183227 | D7: ='Valori input_2_20'!C8*'Valori input_2_20'!$B$18 -> 0.053368535 | E7: ='Valori input_2_20'!D8*'Valori input_2_20'!$B$18 -> 0.086190434 | F7: ='Valori input_2_20'!E8*'Valori input_2_20'!$B$18 -> 0.13023664 | G7: ='Valori input_2_20'!F8*'Valori input_2_20'!$B$18 -> 0.053275467 | H7: ='Valori input_2_20'!G8*'Valori input_2_20'!$B$18 -> 0.050994693 | I7: ='Valori input_2_20'!H8*'Valori input_2_20'!$B$18 -> 0.020576923 | J7: ='Valori input_2_20'!I8*'Valori input_2_20'!$B$18 -> 0.0085895939 | ... Y7: ='Valori input_2_20'!X8*'Valori input_2_20'!$B$18 -> 0
B8: 40 | C8: ='Valori input_2_20'!B9*'Valori input_2_20'!$B$18 -> 0.080255242 | D8: ='Valori input_2_20'!C9*'Valori input_2_20'!$B$18 -> 0.066404224 | E8: ='Valori input_2_20'!D9*'Valori input_2_20'!$B$18 -> 0.12657775 | F8: ='Valori input_2_20'!E9*'Valori input_2_20'!$B$18 -> 0.20084973 | G8: ='Valori input_2_20'!F9*'Valori input_2_20'!$B$18 -> 0.066910433 | H8: ='Valori input_2_20'!G9*'Valori input_2_20'!$B$18 -> 0.067805153 | I8: ='Valori input_2_20'!H9*'Valori input_2_20'!$B$18 -> 0.02706044 | J8: ='Valori input_2_20'!I9*'Valori input_2_20'!$B$18 -> 0.011599844 | ... Y8: ='Valori input_2_20'!X9*'Valori input_2_20'!$B$18 -> 0
B9: 50 | C9: ='Valori input_2_20'!B10*'Valori input_2_20'!$B$18 -> 0.10030994 | D9: ='Valori input_2_20'!C10*'Valori input_2_20'!$B$18 -> 0.09016548 | E9: ='Valori input_2_20'!D10*'Valori input_2_20'!$B$18 -> 0.19966879 | F9: ='Valori input_2_20'!E10*'Valori input_2_20'!$B$18 -> 0.3137832 | G9: ='Valori input_2_20'!F10*'Valori input_2_20'!$B$18 -> 0.082322387 | H9: ='Valori input_2_20'!G10*'Valori input_2_20'!$B$18 -> 0.089566842 | I9: ='Valori input_2_20'!H10*'Valori input_2_20'!$B$18 -> 0.04717033 | J9: ='Valori input_2_20'!I10*'Valori input_2_20'!$B$18 -> 0.01793175 | ... Y9: ='Valori input_2_20'!X10*'Valori input_2_20'!$B$18 -> 0
B10: 60 | C10: ='Valori input_2_20'!B11*'Valori input_2_20'!$B$18 -> 0.12971741 | D10: ='Valori input_2_20'!C11*'Valori input_2_20'!$B$18 -> 0.11833483 | E10: ='Valori input_2_20'!D11*'Valori input_2_20'!$B$18 -> 0.32342673 | F10: ='Valori input_2_20'!E11*'Valori input_2_20'!$B$18 -> 0.52773492 | G10: ='Valori input_2_20'!F11*'Valori input_2_20'!$B$18 -> 0.10022896 | H10: ='Valori input_2_20'!G11*'Valori input_2_20'!$B$18 -> 0.11865161 | I10: ='Valori input_2_20'!H11*'Valori input_2_20'!$B$18 -> 0.057692308 | J10: ='Valori input_2_20'!I11*'Valori input_2_20'!$B$18 -> 0.023822499 | ... Y10: ='Valori input_2_20'!X11*'Valori input_2_20'!$B$18 -> 0
B11: 70 | C11: ='Valori input_2_20'!B12*'Valori input_2_20'!$B$18 -> 0.1620784 | D11: ='Valori input_2_20'!C12*'Valori input_2_20'!$B$18 -> 0.15607468 | E11: ='Valori input_2_20'!D12*'Valori input_2_20'!$B$18 -> 0.42951989 | F11: ='Valori input_2_20'!E12*'Valori input_2_20'!$B$18 -> 0.67475256 | G11: ='Valori input_2_20'!F12*'Valori input_2_20'!$B$18 -> 0.13334245 | H11: ='Valori input_2_20'!G12*'Valori input_2_20'!$B$18 -> 0.16771917 | I11: ='Valori input_2_20'!H12*'Valori input_2_20'!$B$18 -> 0.091071429 | J11: ='Valori input_2_20'!I12*'Valori input_2_20'!$B$18 -> 0.034306475 | ... Y11: ='Valori input_2_20'!X12*'Valori input_2_20'!$B$18 -> 0
B12: 80 | C12: ='Valori input_2_20'!B13*'Valori input_2_20'!$B$18 -> 0.20758432 | D12: ='Valori input_2_20'!C13*'Valori input_2_20'!$B$18 -> 0.2219603 | E12: ='Valori input_2_20'!D13*'Valori input_2_20'!$B$18 -> 0.59106914 | F12: ='Valori input_2_20'!E13*'Valori input_2_20'!$B$18 -> 0.91395884 | G12: ='Valori input_2_20'!F13*'Valori input_2_20'!$B$18 -> 0.20011619 | H12: ='Valori input_2_20'!G13*'Valori input_2_20'!$B$18 -> 0.26345282 | I12: ='Valori input_2_20'!H13*'Valori input_2_20'!$B$18 -> 0.14700549 | J12: ='Valori input_2_20'!I13*'Valori input_2_20'!$B$18 -> 0.066407162 | ... Y12: ='Valori input_2_20'!X13*'Valori input_2_20'!$B$18 -> 0
B13: 90 | C13: ='Valori input_2_20'!B14*'Valori input_2_20'!$B$18 -> 0.32435734 | D13: ='Valori input_2_20'!C14*'Valori input_2_20'!$B$18 -> 0.37591344 | E13: ='Valori input_2_20'!D14*'Valori input_2_20'!$B$18 -> 0.8587563 | F13: ='Valori input_2_20'!E14*'Valori input_2_20'!$B$18 -> 1.3139493 | G13: ='Valori input_2_20'!F14*'Valori input_2_20'!$B$18 -> 0.30099443 | H13: ='Valori input_2_20'!G14*'Valori input_2_20'!$B$18 -> 0.46200599 | I13: ='Valori input_2_20'!H14*'Valori input_2_20'!$B$18 -> 0.19431319 | J13: ='Valori input_2_20'!I14*'Valori input_2_20'!$B$18 -> 0.097054626 | ... Y13: ='Valori input_2_20'!X14*'Valori input_2_20'!$B$18 -> 0
A16: Xc | C16: 0.038635776 | D16: 0.031397379 | E16: 0.028313529 | F16: 0.049867126 | G16: 0.027470263 | H16: 0.022587937 | I16: 0.0078241901 | J16: 0.0029897471 | K16: 0.012140804 | L16: 0.01375885 | M16: 0.011677762 | V16: pA | W16: 12.282 | X16: mbar
A17: Xa | C17: 0.014643491 | D17: 0.013258069 | E17: 0.0040425302 | F17: 0.0099074279 | G17: 0.0069444065 | H17: 0.0038669313 | I17: 0.0016511352 | J17: 0.00056631807 | K17: 0.0025763017 | L17: 0.003848755 | M17: 0.0035626569 | V17: pC | W17: 42.47 | X17: mbar
A18: DeltaX | C18: 0.023992285 | D18: 0.01813931 | E18: 0.024270999 | F18: 0.039959698 | G18: 0.020525856 | H18: 0.018721006 | I18: 0.0061730549 | J18: 0.0024234291 | K18: 0.0095645024 | L18: 0.0099100947 | M18: 0.0081151055
A19: qst | C19: 48.88143 | D19: 48.869905 | E19: 48.68158 | F19: 48.722533 | G19: 48.830918 | H19: 48.758157 | I19: 48.734457 | J19: 48.721337 | K19: 48.773632 | L19: 48.828682 | M19: 48.886855
A20: Qu | C20: 65.100039 | D20: 49.207124 | E20: 65.587042 | F20: 108.07314 | G20: 55.636769 | H20: 50.668983 | I20: 16.699444 | J20: 6.5541329 | K20: 25.894839 | L20: 26.860775 | M20: 22.021759
A21: W0_20 | C21: 0.24679123 | D21: 0.53201046 | E21: 1.3781581 | F21: 4.2951876 | G21: 0.15761227 | H21: 0.18921431 | I21: 0.56218896 | J21: 0.16619252 | K21: 0.14614255 | L21: 0.11066416 | M21: 0.042598889
A22: E_20 | C22: 1950.1731 | D22: 455.35231 | E22: 639.27935 | F22: 263.87861 | G22: 2636.3883 | H22: 2223.3362 | I22: 288.22314 | J22: 428.48977 | K22: 1523.9014 | L22: 1867.2021 | M22: 3689.6146
A23: n_20 | C23: 0.7071077 | D23: 0.44685708 | E23: 0.6824497 | F23: 0.5199988 | G23: 0.97565139 | H23: 1.0158251 | I23: 0.5215627 | J23: 0.58222027 | K23: 0.8138396 | L23: 0.80134372 | M23: 1.0938221

Sheet Valori output_3_20
B1: RH [%] | C1: SrB_3 | D1: MgCl_4 | E1: LiCl_3 | F1: LiCl_4 | G1: ZnN_3 | H1: MgCl_5 | I1: LiCl_5 | J1: MgCl_6 | K1: LiCl_6 | L1: MgCl_7 | M1: ZnN_4 | N1: KAlS_3 | O1: KAlS_4 | P1: KAlS_5 | Q1: CaCl_3 | R1: KAlS_6 | S1: MgCl_8 | T1: KAlS_7 | U1: MgCl_9
C2: ='Valori input_3_20'!B$1 -> S01 | D2: ='Valori input_3_20'!C$1 -> S02 | E2: ='Valori input_3_20'!D$1 -> S03 | F2: ='Valori input_3_20'!E$1 -> S04 | G2: ='Valori input_3_20'!F$1 -> S05 | H2: ='Valori input_3_20'!G$1 -> S06 | I2: ='Valori input_3_20'!H$1 -> S07 | J2: ='Valori input_3_20'!I$1 -> S08 | ... U2: ='Valori input_3_20'!T$1 -> S19
B3: RH [%] | C3: dm [g] | D3: dm [g] | E3: dm [g] | F3: dm [g] | G3: dm [g] | H3: dm [g] | I3: dm [g] | J3: dm [g] | K3: dm [g] | L3: dm [g] | M3: dm [g] | N3: dm [g] | O3: dm [g] | P3: dm [g] | Q3: dm [g] | R3: dm [g] | S3: dm [g] | T3: dm [g] | U3: dm [g]
B4: 0 | C4: ='Valori input_3_20'!B5*'Valori input_3_20'!$B$19 -> 0 | D4: ='Valori input_3_20'!C5*'Valori input_3_20'!$B$19 -> 0 | E4: ='Valori input_3_20'!D5*'Valori input_3_20'!$B$19 -> 0 | F4: ='Valori input_3_20'!E5*'Valori input_3_20'!$B$19 -> 0 | G4: ='Valori input_3_20'!F5*'Valori input_3_20'!$B$19 -> 0 | H4: ='Valori input_3_20'!G5*'Valori input_3_20'!$B$19 -> 0 | I4: ='Valori input_3_20'!H5*'Valori input_3_20'!$B$19 -> 0 | J4: ='Valori input_3_20'!I5*'Valori input_3_20'!$B$19 -> 0 | ... U4: ='Valori input_3_20'!T5*'Valori input_3_20'!$B$19 -> 0
B5: 5 | C5: ='Valori input_3_20'!B6*'Valori input_3_20'!$B$19 -> 0.0054795818 | D5: ='Valori input_3_20'!C6*'Valori input_3_20'!$B$19 -> 0.0076991854 | E5: ='Valori input_3_20'!D6*'Valori input_3_20'!$B$19 -> 0.019138566 | F5: ='Valori input_3_20'!E6*'Valori input_3_20'!$B$19 -> 0.016889303 | G5: ='Valori input_3_20'!F6*'Valori input_3_20'!$B$19 -> 0.00028995713 | H5: ='Valori input_3_20'!G6*'Valori input_3_20'!$B$19 -> 0.005075594 | I5: ='Valori input_3_20'!H6*'Valori input_3_20'!$B$19 -> 0.010083564 | J5: ='Valori input_3_20'!I6*'Valori input_3_20'!$B$19 -> 0.0067627016 | ... U5: ='Valori input_3_20'!T6*'Valori input_3_20'!$B$19 -> 0.004767122
B6: 10 | C6: ='Valori input_3_20'!B7*'Valori input_3_20'!$B$19 -> 0.019202223 | D6: ='Valori input_3_20'!C7*'Valori input_3_20'!$B$19 -> 0.018627061 | E6: ='Valori input_3_20'!D7*'Valori input_3_20'!$B$19 -> 0.056023078 | F6: ='Valori input_3_20'!E7*'Valori input_3_20'!$B$19 -> 0.050234851 | G6: ='Valori input_3_20'!F7*'Valori input_3_20'!$B$19 -> 0.0056334528 | H6: ='Valori input_3_20'!G7*'Valori input_3_20'!$B$19 -> 0.014938805 | I6: ='Valori input_3_20'!H7*'Valori input_3_20'!$B$19 -> 0.042445177 | J6: ='Valori input_3_20'!I7*'Valori input_3_20'!$B$19 -> 0.018442163 | ... U6: ='Valori input_3_20'!T7*'Valori input_3_20'!$B$19 -> 0.01418481
B7: 15 | C7: ='Valori input_3_20'!B8*'Valori input_3_20'!$B$19 -> 0.039494047 | D7: ='Valori input_3_20'!C8*'Valori input_3_20'!$B$19 -> 0.028064773 | E7: ='Valori input_3_20'!D8*'Valori input_3_20'!$B$19 -> 0.10229782 | F7: ='Valori input_3_20'!E8*'Valori input_3_20'!$B$19 -> 0.094456844 | G7: ='Valori input_3_20'!F8*'Valori input_3_20'!$B$19 -> 0.012737402 | H7: ='Valori input_3_20'!G8*'Valori input_3_20'!$B$19 -> 0.024028078 | I7: ='Valori input_3_20'!H8*'Valori input_3_20'!$B$19 -> 0.077824881 | J7: ='Valori input_3_20'!I8*'Valori input_3_20'!$B$19 -> 0.028914 | ... U7: ='Valori input_3_20'!T8*'Valori input_3_20'!$B$19 -> 0.024523288
B8: 20 | C8: ='Valori input_3_20'!B9*'Valori input_3_20'!$B$19 -> 0.056106497 | D8: ='Valori input_3_20'!C9*'Valori input_3_20'!$B$19 -> 0.037519041 | E8: ='Valori input_3_20'!D9*'Valori input_3_20'!$B$19 -> 0.13395006 | F8: ='Valori input_3_20'!E9*'Valori input_3_20'!$B$19 -> 0.12820214 | G8: ='Valori input_3_20'!F9*'Valori input_3_20'!$B$19 -> 0.018557256 | H8: ='Valori input_3_20'!G9*'Valori input_3_20'!$B$19 -> 0.031839453 | I8: ='Valori input_3_20'!H9*'Valori input_3_20'!$B$19 -> 0.1033827 | J8: ='Valori input_3_20'!I9*'Valori input_3_20'!$B$19 -> 0.039661865 | ... U8: ='Valori input_3_20'!T9*'Valori input_3_20'!$B$19 -> 0.03474521
B9: 25 | C9: ='Valori input_3_20'!B10*'Valori input_3_20'!$B$19 -> 0.072071503 | D9: ='Valori input_3_20'!C10*'Valori input_3_20'!$B$19 -> 0.050450361 | E9: ='Valori input_3_20'!D10*'Valori input_3_20'!$B$19 -> 0.16048941 | F9: ='Valori input_3_20'!E10*'Valori input_3_20'!$B$19 -> 0.16281355 | G9: ='Valori input_3_20'!F10*'Valori input_3_20'!$B$19 -> 0.025143425 | H9: ='Valori input_3_20'!G10*'Valori input_3_20'!$B$19 -> 0.041522678 | I9: ='Valori input_3_20'!H10*'Valori input_3_20'!$B$19 -> 0.12935922 | J9: ='Valori input_3_20'!I10*'Valori input_3_20'!$B$19 -> 0.053601311 | ... U9: ='Valori input_3_20'!T10*'Valori input_3_20'!$B$19 -> 0.058534197
B10: 30 | C10: ='Valori input_3_20'!B11*'Valori input_3_20'!$B$19 -> 0.082035815 | D10: ='Valori input_3_20'!C11*'Valori input_3_20'!$B$19 -> 0.06060004 | E10: ='Valori input_3_20'!D11*'Valori input_3_20'!$B$19 -> 0.19649856 | F10: ='Valori input_3_20'!E11*'Valori input_3_20'!$B$19 -> 0.19849096 | G10: ='Valori input_3_20'!F11*'Valori input_3_20'!$B$19 -> 0.030839012 | H10: ='Valori input_3_20'!G11*'Valori input_3_20'!$B$19 -> 0.04850612 | I10: ='Valori input_3_20'!H11*'Valori input_3_20'!$B$19 -> 0.16158127 | J10: ='Valori input_3_20'!I11*'Valori input_3_20'!$B$19 -> 0.065298025 | ... U10: ='Valori input_3_20'!T11*'Valori input_3_20'!$B$19 -> 0.078465197
B11: 35 | C11: ='Valori input_3_20'!B12*'Valori input_3_20'!$B$19 -> 0.0913211 | D11: ='Valori input_3_20'!C12*'Valori input_3_20'!$B$19 -> 0.072372343 | E11: ='Valori input_3_20'!D12*'Valori input_3_20'!$B$19 -> 0.24697105 | F11: ='Valori input_3_20'!E12*'Valori input_3_20'!$B$19 -> 0.2439455 | G11: ='Valori input_3_20'!F12*'Valori input_3_20'!$B$19 -> 0.036886689 | H11: ='Valori input_3_20'!G12*'Valori input_3_20'!$B$19 -> 0.055795536 | I11: ='Valori input_3_20'!H12*'Valori input_3_20'!$B$19 -> 0.20304949 | J11: ='Valori input_3_20'!I12*'Valori input_3_20'!$B$19 -> 0.079289226 | ... U11: ='Valori input_3_20'!T12*'Valori input_3_20'!$B$19 -> 0.10127512
B12: 40 | C12: ='Valori input_3_20'!B13*'Valori input_3_20'!$B$19 -> 0.10096959 | D12: ='Valori input_3_20'!C13*'Valori input_3_20'!$B$19 -> 0.084707597 | E12: ='Valori input_3_20'!D13*'Valori input_3_20'!$B$19 -> 0.28886899 | F12: ='Valori input_3_20'!E13*'Valori input_3_20'!$B$19 -> 0.28352044 | G12: ='Valori input_3_20'!F13*'Valori input_3_20'!$B$19 -> 0.043100056 | H12: ='Valori input_3_20'!G13*'Valori input_3_20'!$B$19 -> 0.063588913 | I12: ='Valori input_3_20'!H13*'Valori input_3_20'!$B$19 -> 0.23825474 | J12: ='Valori input_3_20'!I13*'Valori input_3_20'!$B$19 -> 0.094056758 | ... U12: ='Valori input_3_20'!T13*'Valori input_3_20'!$B$19 -> 0.12474941
B13: 45 | C13: ='Valori input_3_20'!B14*'Valori input_3_20'!$B$19 -> 0.11361842 | D13: ='Valori input_3_20'!C14*'Valori input_3_20'!$B$19 -> 0.10138089 | E13: ='Valori input_3_20'!D14*'Valori input_3_20'!$B$19 -> 0.33034915 | F13: ='Valori input_3_20'!E14*'Valori input_3_20'!$B$19 -> 0.32586029 | G13: ='Valori input_3_20'!F14*'Valori input_3_20'!$B$19 -> 0.049996893 | H13: ='Valori input_3_20'!G14*'Valori input_3_20'!$B$19 -> 0.07338013 | I13: ='Valori input_3_20'!H14*'Valori input_3_20'!$B$19 -> 0.27516966 | J13: ='Valori input_3_20'!I14*'Valori input_3_20'!$B$19 -> 0.11222289 | ... U13: ='Valori input_3_20'!T14*'Valori input_3_20'!$B$19 -> 0.15781622
B14: 50 | C14: ='Valori input_3_20'!B15*'Valori input_3_20'!$B$19 -> 0.13152576 | D14: ='Valori input_3_20'!C15*'Valori input_3_20'!$B$19 -> 0.12444533 | E14: ='Valori input_3_20'!D15*'Valori input_3_20'!$B$19 -> 0.37614642 | F14: ='Valori input_3_20'!E15*'Valori input_3_20'!$B$19 -> 0.37221426 | G14: ='Valori input_3_20'!F15*'Valori input_3_20'!$B$19 -> 0.057908581 | H14: ='Valori input_3_20'!G15*'Valori input_3_20'!$B$19 -> 0.084521238 | I14: ='Valori input_3_20'!H15*'Valori input_3_20'!$B$19 -> 0.31644598 | J14: ='Valori input_3_20'!I15*'Valori input_3_20'!$B$19 -> 0.13603036 | ... U14: ='Valori input_3_20'!T15*'Valori input_3_20'!$B$19 -> 0.20652478
A17: Xc | C17: 0.037040051 | D17: 0.026853511 | E17: 0.090100513 | F17: 0.085758627 | G17: 0.011518427 | H17: 0.02281781 | I17: 0.068597681 | J17: 0.027471227 | K17: 0.07274858 | L17: 0.025192804 | M17: 0.036271925 | N17: 0.012582288 | O17: 0.014097917 | P17: 0.012141568 | Q17: 0.021300799 | R17: 0.014056176 | S17: 0.01422368 | T17: 0.011816432 | U17: 0.023898569 | X17: pA | Y17: 12.282 | Z17: mbar
A18: Xa | C18: 0.0035395887 | D18: 0.0066011227 | E18: 0.015955039 | F18: 0.012376557 | G18: 0.00090919816 | H18: 0.0048499234 | I18: 0.010084724 | J18: 0.0054996254 | K18: 0.011812913 | L18: 0.003771444 | M18: 0.0025018558 | N18: 0.0029222153 | O18: 0.0043639918 | P18: 0.0028638755 | Q18: 0.0017552724 | R18: 0.0026460509 | S18: 0.00047442957 | T18: 0.0030690569 | U18: 0.0030733084 | X18: pC | Y18: 42.47 | Z18: mbar
A19: DeltaX | C19: 0.033500462 | D19: 0.020252388 | E19: 0.074145473 | F19: 0.073382071 | G19: 0.010609229 | H19: 0.017967886 | I19: 0.058512957 | J19: 0.021971602 | K19: 0.060935668 | L19: 0.02142136 | M19: 0.033770069 | N19: 0.0096600728 | O19: 0.009733925 | P19: 0.009277693 | Q19: 0.019545527 | R19: 0.011410125 | S19: 0.013749251 | T19: 0.0087473748 | U19: 0.020825261
A20: qst | C20: 48.723063 | D20: 48.773237 | E20: 48.754015 | F20: 48.730677 | G20: 48.658847 | H20: 48.787397 | I20: 48.72509 | J20: 48.747833 | K20: 48.739464 | L20: 48.717846 | M20: 48.674396 | N20: 48.793474 | O20: 48.827343 | P20: 48.793586 | Q20: 48.617344 | R20: 48.777953 | S20: 48.502503 | T20: 48.795953 | U20: 48.656341
A21: Qu | C21: 90.60478 | D21: 54.83067 | E21: 200.65998 | F21: 198.49892 | G21: 28.655722 | H21: 48.659806 | I21: 158.25974 | J21: 59.454231 | K21: 164.86105 | L21: 57.929645 | M21: 91.242727 | N21: 26.164225 | O21: 26.382553 | P21: 25.12861 | Q21: 52.747799 | R21: 30.894397 | S21: 37.017656 | T21: 23.693394 | U21: 56.246516
A22: W0_20 | C22: 0.17241613 | D22: 0.77706756 | E22: 0.9231419 | F22: 0.79361236 | G22: 0.10097575 | H22: 0.19361892 | I22: 0.76698835 | J22: 0.6025782 | K22: 0.79573197 | L22: 0.36761456 | M22: 0.19680565 | N22: 0.12533231 | O22: 0.1841376 | P22: 0.12826637 | Q22: 0.68964754 | R22: 0.10225147 | S22: 1.0749109 | T22: 0.18304261 | U22: 2.2080061
A23: E_20 | C23: 3542.7766 | D23: 588.14751 | E23: 1891.9609 | F23: 2183.3096 | G23: 2574.5514 | H23: 2035.9681 | I23: 1903.943 | J23: 942.55852 | K23: 1864.3857 | L23: 1561.6331 | M23: 3358.5221 | N23: 1705.5892 | O23: 1048.3549 | P23: 1605.3885 | Q23: 1185.8116 | R23: 2394.9391 | S23: 1039.7329 | T23: 1042.7821 | U23: 421.96568
A24: n_20 | C24: 1.5575798 | D24: 0.58564138 | E24: 0.93457482 | F24: 1.0517773 | G24: 1.3015207 | H24: 0.91539397 | I24: 0.98222193 | J24: 0.70453744 | K24: 0.94981516 | L24: 0.90002355 | M24: 1.5933859 | N24: 0.82626763 | O24: 0.63169534 | P24: 0.80307221 | Q24: 0.9091567 | R24: 1.0260638 | S24: 0.97480021 | T24: 0.67231391 | U24: 0.62803306

Sheet Valori output_4_20
B1: RH [%] | C1: CaCl_4 | D1: LiCl_7 | E1: ZnN_5 | F1: MgN_3 | G1: CaCl_5 | H1: MgN_4 | I1: ZnN_6 | J1: SrB_4 | K1: LiCl_8 | L1: CaCl_6 | M1: ZnN_7 | N1: KAlS_8 | O1: MgCl_10 | P1: MgCl_11 | Q1: AlS_3 | R1: AlS_4 | S1: MgS_3 | T1: CaCl_7 | U1: MgCl_12 | V1: AlS_5 | W1: ZnN_3 | X1: ZnN_4 | Y1: -
C2: ='Valori input_4_20'!B$1 -> S01 | D2: ='Valori input_4_20'!C$1 -> S02 | E2: ='Valori input_4_20'!D$1 -> S03 | F2: ='Valori input_4_20'!E$1 -> S04 | G2: ='Valori input_4_20'!F$1 -> S05 | H2: ='Valori input_4_20'!G$1 -> S06 | I2: ='Valori input_4_20'!H$1 -> S07 | J2: ='Valori input_4_20'!I$1 -> S08 | ... Y2: ='Valori input_4_20'!X$1 -> S23
B3: RH [%] | C3: dm [g] | D3: dm [g] | E3: dm [g] | F3: dm [g] | G3: dm [g] | H3: dm [g] | I3: dm [g] | J3: dm [g] | K3: dm [g] | L3: dm [g] | M3: dm [g] | N3: dm [g] | O3: dm [g] | P3: dm [g] | Q3: dm [g] | R3: dm [g] | S3: dm [g] | T3: dm [g] | U3: dm [g] | V3: dm [g] | W3: dm [g] | X3: dm [g] | Y3: dm [g]
B4: 0 | C4: ='Valori input_4_20'!B5*'Valori input_4_20'!$B$19 -> 0 | D4: ='Valori input_4_20'!C5*'Valori input_4_20'!$B$19 -> 0 | E4: ='Valori input_4_20'!D5*'Valori input_4_20'!$B$19 -> 0 | F4: ='Valori input_4_20'!E5*'Valori input_4_20'!$B$19 -> 0 | G4: ='Valori input_4_20'!F5*'Valori input_4_20'!$B$19 -> 0 | H4: ='Valori input_4_20'!G5*'Valori input_4_20'!$B$19 -> 0 | I4: ='Valori input_4_20'!H5*'Valori input_4_20'!$B$19 -> 0 | J4: ='Valori input_4_20'!I5*'Valori input_4_20'!$B$19 -> 0 | ... Y4: ='Valori input_4_20'!X5*'Valori input_4_20'!$B$19 -> 0
B5: 5 | C5: ='Valori input_4_20'!B6*'Valori input_4_20'!$B$19 -> 0.017200679 | D5: ='Valori input_4_20'!C6*'Valori input_4_20'!$B$19 -> 0.017521902 | E5: ='Valori input_4_20'!D6*'Valori input_4_20'!$B$19 -> 0.0089237538 | F5: ='Valori input_4_20'!E6*'Valori input_4_20'!$B$19 -> 0.0071172129 | G5: ='Valori input_4_20'!F6*'Valori input_4_20'!$B$19 -> 0.012321282 | H5: ='Valori input_4_20'!G6*'Valori input_4_20'!$B$19 -> 0.0083390042 | I5: ='Valori input_4_20'!H6*'Valori input_4_20'!$B$19 -> 0.0077161353 | J5: ='Valori input_4_20'!I6*'Valori input_4_20'!$B$19 -> 0.011952092 | ... Y5: ='Valori input_4_20'!X6*'Valori input_4_20'!$B$19 -> 0
B6: 10 | C6: ='Valori input_4_20'!B7*'Valori input_4_20'!$B$19 -> 0.024746698 | D6: ='Valori input_4_20'!C7*'Valori input_4_20'!$B$19 -> 0.040498384 | E6: ='Valori input_4_20'!D7*'Valori input_4_20'!$B$19 -> 0.026563732 | F6: ='Valori input_4_20'!E7*'Valori input_4_20'!$B$19 -> 0.01647698 | G6: ='Valori input_4_20'!F7*'Valori input_4_20'!$B$19 -> 0.020279052 | H6: ='Valori input_4_20'!G7*'Valori input_4_20'!$B$19 -> 0.017681457 | I6: ='Valori input_4_20'!H7*'Valori input_4_20'!$B$19 -> 0.019995177 | J6: ='Valori input_4_20'!I7*'Valori input_4_20'!$B$19 -> 0.026612663 | ... Y6: ='Valori input_4_20'!X7*'Valori input_4_20'!$B$19 -> 0
B7: 15 | C7: ='Valori input_4_20'!B8*'Valori input_4_20'!$B$19 -> 0.03217336 | D7: ='Valori input_4_20'!C8*'Valori input_4_20'!$B$19 -> 0.075280668 | E7: ='Valori input_4_20'!D8*'Valori input_4_20'!$B$19 -> 0.074025651 | F7: ='Valori input_4_20'!E8*'Valori input_4_20'!$B$19 -> 0.030174456 | G7: ='Valori input_4_20'!F8*'Valori input_4_20'!$B$19 -> 0.03401947 | H7: ='Valori input_4_20'!G8*'Valori input_4_20'!$B$19 -> 0.032398704 | I7: ='Valori input_4_20'!H8*'Valori input_4_20'!$B$19 -> 0.036540352 | J7: ='Valori input_4_20'!I8*'Valori input_4_20'!$B$19 -> 0.060108339 | ... Y7: ='Valori input_4_20'!X8*'Valori input_4_20'!$B$19 -> 0
B8: 20 | C8: ='Valori input_4_20'!B9*'Valori input_4_20'!$B$19 -> 0.038432974 | D8: ='Valori input_4_20'!C9*'Valori input_4_20'!$B$19 -> 0.10466441 | E8: ='Valori input_4_20'!D9*'Valori input_4_20'!$B$19 -> 0.09807828 | F8: ='Valori input_4_20'!E9*'Valori input_4_20'!$B$19 -> 0.041239827 | G8: ='Valori input_4_20'!F9*'Valori input_4_20'!$B$19 -> 0.048409772 | H8: ='Valori input_4_20'!G9*'Valori input_4_20'!$B$19 -> 0.046942942 | I8: ='Valori input_4_20'!H9*'Valori input_4_20'!$B$19 -> 0.046686328 | J8: ='Valori input_4_20'!I9*'Valori input_4_20'!$B$19 -> 0.078185568 | ... Y8: ='Valori input_4_20'!X9*'Valori input_4_20'!$B$19 -> 0
B9: 25 | C9: ='Valori input_4_20'!B10*'Valori input_4_20'!$B$19 -> 0.048909872 | D9: ='Valori input_4_20'!C10*'Valori input_4_20'!$B$19 -> 0.14275307 | E9: ='Valori input_4_20'!D10*'Valori input_4_20'!$B$19 -> 0.12003486 | F9: ='Valori input_4_20'!E10*'Valori input_4_20'!$B$19 -> 0.057843148 | G9: ='Valori input_4_20'!F10*'Valori input_4_20'!$B$19 -> 0.070426271 | H9: ='Valori input_4_20'!G10*'Valori input_4_20'!$B$19 -> 0.067427135 | I9: ='Valori input_4_20'!H10*'Valori input_4_20'!$B$19 -> 0.057592788 | J9: ='Valori input_4_20'!I10*'Valori input_4_20'!$B$19 -> 0.092560382 | ... Y9: ='Valori input_4_20'!X10*'Valori input_4_20'!$B$19 -> 0
B10: 30 | C10: ='Valori input_4_20'!B11*'Valori input_4_20'!$B$19 -> 0.06092515 | D10: ='Valori input_4_20'!C11*'Valori input_4_20'!$B$19 -> 0.17815179 | E10: ='Valori input_4_20'!D11*'Valori input_4_20'!$B$19 -> 0.14074627 | F10: ='Valori input_4_20'!E11*'Valori input_4_20'!$B$19 -> 0.072983018 | G10: ='Valori input_4_20'!F11*'Valori input_4_20'!$B$19 -> 0.0925754 | H10: ='Valori input_4_20'!G11*'Valori input_4_20'!$B$19 -> 0.085385405 | I10: ='Valori input_4_20'!H11*'Valori input_4_20'!$B$19 -> 0.067683119 | J10: ='Valori input_4_20'!I11*'Valori input_4_20'!$B$19 -> 0.1017046 | ... Y10: ='Valori input_4_20'!X11*'Valori input_4_20'!$B$19 -> 0
B11: 35 | C11: ='Valori input_4_20'!B12*'Valori input_4_20'!$B$19 -> 0.076587449 | D11: ='Valori input_4_20'!C12*'Valori input_4_20'!$B$19 -> 0.22544972 | E11: ='Valori input_4_20'!D12*'Valori input_4_20'!$B$19 -> 0.1618935 | F11: ='Valori input_4_20'!E12*'Valori input_4_20'!$B$19 -> 0.088986218 | G11: ='Valori input_4_20'!F12*'Valori input_4_20'!$B$19 -> 0.12070612 | H11: ='Valori input_4_20'!G12*'Valori input_4_20'!$B$19 -> 0.10408184 | I11: ='Valori input_4_20'!H12*'Valori input_4_20'!$B$19 -> 0.077996031 | J11: ='Valori input_4_20'!I12*'Valori input_4_20'!$B$19 -> 0.10956913 | ... Y11: ='Valori input_4_20'!X12*'Valori input_4_20'!$B$19 -> 0
B12: 40 | C12: ='Valori input_4_20'!B13*'Valori input_4_20'!$B$19 -> 0.092766962 | D12: ='Valori input_4_20'!C13*'Valori input_4_20'!$B$19 -> 0.26846992 | E12: ='Valori input_4_20'!D13*'Valori input_4_20'!$B$19 -> 0.18299921 | F12: ='Valori input_4_20'!E13*'Valori input_4_20'!$B$19 -> 0.10255735 | G12: ='Valori input_4_20'!F13*'Valori input_4_20'!$B$19 -> 0.15349214 | H12: ='Valori input_4_20'!G13*'Valori input_4_20'!$B$19 -> 0.12034463 | I12: ='Valori input_4_20'!H13*'Valori input_4_20'!$B$19 -> 0.088067813 | J12: ='Valori input_4_20'!I13*'Valori input_4_20'!$B$19 -> 0.11706093 | ... Y12: ='Valori input_4_20'!X13*'Valori input_4_20'!$B$19 -> 0
B13: 45 | C13: ='Valori input_4_20'!B14*'Valori input_4_20'!$B$19 -> 0.11301788 | D13: ='Valori input_4_20'!C14*'Valori input_4_20'!$B$19 -> 0.31007042 | E13: ='Valori input_4_20'!D14*'Valori input_4_20'!$B$19 -> 0.20690657 | F13: ='Valori input_4_20'!E14*'Valori input_4_20'!$B$19 -> 0.1163917 | G13: ='Valori input_4_20'!F14*'Valori input_4_20'!$B$19 -> 0.19564179 | H13: ='Valori input_4_20'!G14*'Valori input_4_20'!$B$19 -> 0.13735712 | I13: ='Valori input_4_20'!H14*'Valori input_4_20'!$B$19 -> 0.099345241 | J13: ='Valori input_4_20'!I14*'Valori input_4_20'!$B$19 -> 0.12714939 | ... Y13: ='Valori input_4_20'!X14*'Valori input_4_20'!$B$19 -> 0
B14: 50 | C14: ='Valori input_4_20'!B15*'Valori input_4_20'!$B$19 -> 0.14233993 | D14: ='Valori input_4_20'!C15*'Valori input_4_20'!$B$19 -> 0.3539499 | E14: ='Valori input_4_20'!D15*'Valori input_4_20'!$B$19 -> 0.23344955 | F14: ='Valori input_4_20'!E15*'Valori input_4_20'!$B$19 -> 0.13105779 | G14: ='Valori input_4_20'!F15*'Valori input_4_20'!$B$19 -> 0.24978116 | H14: ='Valori input_4_20'!G15*'Valori input_4_20'!$B$19 -> 0.15543073 | I14: ='Valori input_4_20'!H15*'Valori input_4_20'!$B$19 -> 0.11164283 | J14: ='Valori input_4_20'!I15*'Valori input_4_20'!$B$19 -> 0.14444389 | ... Y14: ='Valori input_4_20'!X15*'Valori input_4_20'!$B$19 -> 0
A17: Xc | C17: 0.029003521 | D17: 0.070412694 | E17: 0.062646933 | F17: 0.028659165 | G17: 0.032009859 | H17: 0.031850375 | I17: 0.032879974 | J17: 0.054062513 | K17: 0.11780599 | L17: 0.054290749 | M17: 0.019292164 | N17: 0.016438452 | O17: 0.03254408 | P17: 0.023120904 | Q17: 0.021023247 | R17: 0.0057104011 | S17: 0.015755901 | T17: 0.026219002 | U17: 0.029066549 | V17: 0.0050738391 | W17: 0.015907372 | X17: 0.041319573 | AA17: pA | AB17: 12.282 | AC17: mbar
A18: Xa | C18: 0.0083504529 | D18: 0.0083980825 | E18: 0.0057890535 | F18: 0.0027802687 | G18: 0.0053501513 | H18: 0.0026040056 | I18: 0.0055373886 | J18: 0.004696978 | K18: 0.014178727 | L18: 0.0096423482 | M18: 0.0036797725 | N18: 0.0043829959 | O18: 0.011028216 | P18: 0.00043024559 | Q18: 0.0063289382 | R18: 0.0011511906 | S18: 0.0033198639 | T18: 0.0082006588 | U18: 0.0076769668 | V18: 0.00062267168 | W18: 0.0029402619 | X18: 0.0045963485 | AA18: pC | AB18: 42.47 | AC18: mbar
A19: DeltaX | C19: 0.020653068 | D19: 0.062014612 | E19: 0.056857879 | F19: 0.025878896 | G19: 0.026659708 | H19: 0.029246369 | I19: 0.027342585 | J19: 0.049365535 | K19: 0.10362727 | L19: 0.044648401 | M19: 0.015612392 | N19: 0.012055456 | O19: 0.021515864 | P19: 0.022690658 | Q19: 0.014694309 | R19: 0.0045592105 | S19: 0.012436037 | T19: 0.018018343 | U19: 0.021389583 | V19: 0.0044511674 | W19: 0.01296711 | X19: 0.036723225
A20: qst | C20: 48.78063 | D20: 48.694958 | E20: 48.710723 | F20: 48.685964 | G20: 48.688558 | H20: 48.662997 | I20: 48.779201 | J20: 48.765761 | K20: 48.710035 | L20: 48.709453 | M20: 48.780314 | N20: 48.83358 | O20: 48.871164 | P20: 48.473567 | Q20: 48.841347 | R20: 48.746097 | S20: 48.798102 | T20: 48.813574 | U20: 48.802194 | V20: 48.69174 | W20: 48.7835 | X20: 48.743174
A21: Qu | C21: 55.923933 | D21: 167.62692 | E21: 153.73791 | F21: 69.938329 | G21: 72.05233 | H21: 79.001721 | I21: 74.035497 | J21: 133.63019 | K21: 280.1936 | L21: 120.72157 | M21: 42.274624 | N21: 32.678938 | O21: 58.368322 | P21: 61.054519 | Q21: 39.838459 | R21: 12.336593 | S21: 33.686095 | T21: 48.822632 | U21: 57.943856 | V21: 12.030812 | W21: 35.114128 | X21: 99.362007
A22: W0_20 | C22: 3.1913197 | D22: 0.8395029 | E22: 0.32345214 | F22: 0.23754416 | G22: 4.9982546 | H22: 0.27858662 | I22: 0.18183467 | J22: 0.15639152 | K22: 1.0261662 | L22: 3.4411833 | M22: 0.13876978 | N22: 0.10268613 | O22: 0.18583537 | P22: 0.7358081 | Q22: 0.16045271 | R22: 0.1410132 | S22: 0.10451139 | T22: 0.68297275 | U22: 0.39421853 | V22: 0.072779254 | W22: 0.099919017 | X22: 0.18693809
A23: E_20 | C23: 92.674091 | D23: 1952.9132 | E23: 3360.9188 | F23: 2564.2676 | G23: 194.45994 | H23: 2562.8017 | I23: 2985.6141 | J23: 4532.0131 | K23: 2381.1834 | L23: 410.37309 | M23: 2405.6088 | N23: 2406.0318 | O23: 2356.9296 | P23: 1780.7015 | Q23: 1881.3366 | R23: 843.23891 | S23: 2482.6245 | T23: 465.3199 | U23: 1172.0727 | V23: 1712.1306 | W23: 2679.4736 | X23: 3555.2183
A24: n_20 | C24: 0.39483641 | D24: 1.0409402 | E24: 1.5063053 | F24: 1.2492045 | G24: 0.50948652 | H24: 1.2898711 | I24: 1.1993143 | J24: 2.0062789 | K24: 1.146299 | L24: 0.58509612 | M24: 1.0243645 | N24: 0.91280143 | O24: 0.81180268 | P24: 1.2873646 | Q24: 0.77996895 | R24: 0.68070379 | S24: 1.0090841 | T24: 0.51239074 | U24: 0.69319075 | V24: 0.97614777 | W24: 1.0950545 | X24: 1.5091067

Sheet Valori output_5_20
B1: RH [%] | C1: LiCl_9 | D1: LiCl_10 | E1: LiCl_11 | F1: LiCl_12 | G1: SrB_5 | H1: CuS_3 | I1: LiCl_13 | J1: LiCl_14 | K1: CaCl_8 | L1: CaCl_9 | M1: MgCl_13 | N1: MgCl_14 | O1: MgCl_15 | P1: CaCl_10 | Q1: ZnN_8 | R1: ZnN_9 | S1: MgCl_16 | T1: MgN_5 | U1: KAlS_9 | V1: ZnN_10 | W1: - | X1: - | Y1: -
C2: ='Valori input_5_20'!B$1 -> S01 | D2: ='Valori input_4_20'!C$1 -> S02 | E2: ='Valori input_4_20'!D$1 -> S03 | F2: ='Valori input_4_20'!E$1 -> S04 | G2: ='Valori input_4_20'!F$1 -> S05 | H2: ='Valori input_4_20'!G$1 -> S06 | I2: ='Valori input_4_20'!H$1 -> S07 | J2: ='Valori input_4_20'!I$1 -> S08 | K2: ='Valori input_4_20'!J$1 -> S09 | ... Y2: ='Valori input_4_20'!X$1 -> S23
B3: RH [%] | C3: dm [g] | D3: dm [g] | E3: dm [g] | F3: dm [g] | G3: dm [g] | H3: dm [g] | I3: dm [g] | J3: dm [g] | K3: dm [g] | L3: dm [g] | M3: dm [g] | N3: dm [g] | O3: dm [g] | P3: dm [g] | Q3: dm [g] | R3: dm [g] | S3: dm [g] | T3: dm [g] | U3: dm [g] | V3: dm [g] | W3: dm [g] | X3: dm [g] | Y3: dm [g]
B4: 0 | C4: ='Valori input_5_20'!B5*'Valori input_5_20'!$B$19 -> 0 | D4: ='Valori input_5_20'!C5*'Valori input_5_20'!$B$19 -> 0 | E4: ='Valori input_5_20'!D5*'Valori input_5_20'!$B$19 -> 0 | F4: ='Valori input_5_20'!E5*'Valori input_5_20'!$B$19 -> 0 | G4: ='Valori input_5_20'!F5*'Valori input_5_20'!$B$19 -> 0 | H4: ='Valori input_5_20'!G5*'Valori input_5_20'!$B$19 -> 0 | I4: ='Valori input_5_20'!H5*'Valori input_5_20'!$B$19 -> 0 | J4: ='Valori input_5_20'!I5*'Valori input_5_20'!$B$19 -> 0 | ... Y4: ='Valori input_5_20'!X5*'Valori input_5_20'!$B$19 -> 0
B5: 5 | C5: ='Valori input_5_20'!B6*'Valori input_5_20'!$B$19 -> 0.0383134 | D5: ='Valori input_5_20'!C6*'Valori input_5_20'!$B$19 -> 0.048975385 | E5: ='Valori input_5_20'!D6*'Valori input_5_20'!$B$19 -> 0.026373399 | F5: ='Valori input_5_20'!E6*'Valori input_5_20'!$B$19 -> 0.022937314 | G5: ='Valori input_5_20'!F6*'Valori input_5_20'!$B$19 -> 0.0099700897 | H5: ='Valori input_5_20'!G6*'Valori input_5_20'!$B$19 -> 0.00021972287 | I5: ='Valori input_5_20'!H6*'Valori input_5_20'!$B$19 -> 0.026838721 | J5: ='Valori input_5_20'!I6*'Valori input_5_20'!$B$19 -> 0.044318358 | ... Y5: ='Valori input_5_20'!X6*'Valori input_5_20'!$B$19 -> 0
B6: 10 | C6: ='Valori input_5_20'!B7*'Valori input_5_20'!$B$19 -> 0.076766167 | D6: ='Valori input_5_20'!C7*'Valori input_5_20'!$B$19 -> 0.09460509 | E6: ='Valori input_5_20'!D7*'Valori input_5_20'!$B$19 -> 0.057992979 | F6: ='Valori input_5_20'!E7*'Valori input_5_20'!$B$19 -> 0.060546483 | G6: ='Valori input_5_20'!F7*'Valori input_5_20'!$B$19 -> 0.024721951 | H6: ='Valori input_5_20'!G7*'Valori input_5_20'!$B$19 -> 0.0015929908 | I6: ='Valori input_5_20'!H7*'Valori input_5_20'!$B$19 -> 0.066131537 | J6: ='Valori input_5_20'!I7*'Valori input_5_20'!$B$19 -> 0.088527903 | ... Y6: ='Valori input_5_20'!X7*'Valori input_5_20'!$B$19 -> 0
B7: 15 | C7: ='Valori input_5_20'!B8*'Valori input_5_20'!$B$19 -> 0.19269461 | D7: ='Valori input_5_20'!C8*'Valori input_5_20'!$B$19 -> 0.24958179 | E7: ='Valori input_5_20'!D8*'Valori input_5_20'!$B$19 -> 0.12983329 | F7: ='Valori input_5_20'!E8*'Valori input_5_20'!$B$19 -> 0.12969279 | G7: ='Valori input_5_20'!F8*'Valori input_5_20'!$B$19 -> 0.045755936 | H7: ='Valori input_5_20'!G8*'Valori input_5_20'!$B$19 -> 0.0029250608 | I7: ='Valori input_5_20'!H8*'Valori input_5_20'!$B$19 -> 0.14428171 | J7: ='Valori input_5_20'!I8*'Valori input_5_20'!$B$19 -> 0.23051453 | ... Y7: ='Valori input_5_20'!X8*'Valori input_5_20'!$B$19 -> 0
B8: 20 | C8: ='Valori input_5_20'!B9*'Valori input_5_20'!$B$19 -> 0.24030762 | D8: ='Valori input_5_20'!C9*'Valori input_5_20'!$B$19 -> 0.30639861 | E8: ='Valori input_5_20'!D9*'Valori input_5_20'!$B$19 -> 0.16581821 | F8: ='Valori input_5_20'!E9*'Valori input_5_20'!$B$19 -> 0.16472067 | G8: ='Valori input_5_20'!F9*'Valori input_5_20'!$B$19 -> 0.058020114 | H8: ='Valori input_5_20'!G9*'Valori input_5_20'!$B$19 -> 0.0039962098 | I8: ='Valori input_5_20'!H9*'Valori input_5_20'!$B$19 -> 0.18334228 | J8: ='Valori input_5_20'!I9*'Valori input_5_20'!$B$19 -> 0.28313384 | ... Y8: ='Valori input_5_20'!X9*'Valori input_5_20'!$B$19 -> 0
B9: 25 | C9: ='Valori input_5_20'!B10*'Valori input_5_20'!$B$19 -> 0.29667545 | D9: ='Valori input_5_20'!C10*'Valori input_5_20'!$B$19 -> 0.36993667 | E9: ='Valori input_5_20'!D10*'Valori input_5_20'!$B$19 -> 0.21052086 | F9: ='Valori input_5_20'!E10*'Valori input_5_20'!$B$19 -> 0.20152737 | G9: ='Valori input_5_20'!F10*'Valori input_5_20'!$B$19 -> 0.070187496 | H9: ='Valori input_5_20'!G10*'Valori input_5_20'!$B$19 -> 0.0051497549 | I9: ='Valori input_5_20'!H10*'Valori input_5_20'!$B$19 -> 0.22561073 | J9: ='Valori input_5_20'!I10*'Valori input_5_20'!$B$19 -> 0.3456863 | ... Y9: ='Valori input_5_20'!X10*'Valori input_5_20'!$B$19 -> 0
B10: 30 | C10: ='Valori input_5_20'!B11*'Valori input_5_20'!$B$19 -> 0.3536641 | D10: ='Valori input_5_20'!C11*'Valori input_5_20'!$B$19 -> 0.43347473 | E10: ='Valori input_5_20'!D11*'Valori input_5_20'!$B$19 -> 0.25939455 | F10: ='Valori input_5_20'!E11*'Valori input_5_20'!$B$19 -> 0.2430419 | G10: ='Valori input_5_20'!F11*'Valori input_5_20'!$B$19 -> 0.081686978 | H10: ='Valori input_5_20'!G11*'Valori input_5_20'!$B$19 -> 0.0063307653 | I10: ='Valori input_5_20'!H11*'Valori input_5_20'!$B$19 -> 0.27210312 | J10: ='Valori input_5_20'!I11*'Valori input_5_20'!$B$19 -> 0.40705736 | ... Y10: ='Valori input_5_20'!X11*'Valori input_5_20'!$B$19 -> 0
B11: 35 | C11: ='Valori input_5_20'!B12*'Valori input_5_20'!$B$19 -> 0.41791253 | D11: ='Valori input_5_20'!C12*'Valori input_5_20'!$B$19 -> 0.50917075 | E11: ='Valori input_5_20'!D12*'Valori input_5_20'!$B$19 -> 0.31515952 | F11: ='Valori input_5_20'!E12*'Valori input_5_20'!$B$19 -> 0.30381575 | G11: ='Valori input_5_20'!F12*'Valori input_5_20'!$B$19 -> 0.09318646 | H11: ='Valori input_5_20'!G12*'Valori input_5_20'!$B$19 -> 0.0076491026 | I11: ='Valori input_5_20'!H12*'Valori input_5_20'!$B$19 -> 0.33733471 | J11: ='Valori input_5_20'!I12*'Valori input_5_20'!$B$19 -> 0.47358931 | ... Y11: ='Valori input_5_20'!X12*'Valori input_5_20'!$B$19 -> 0
B12: 40 | C12: ='Valori input_5_20'!B13*'Valori input_5_20'!$B$19 -> 0.47727042 | D12: ='Valori input_5_20'!C13*'Valori input_5_20'!$B$19 -> 0.58128211 | E12: ='Valori input_5_20'!D13*'Valori input_5_20'!$B$19 -> 0.36681822 | F12: ='Valori input_5_20'!E13*'Valori input_5_20'!$B$19 -> 0.36250318 | G12: ='Valori input_5_20'!F13*'Valori input_5_20'!$B$19 -> 0.10519897 | H12: ='Valori input_5_20'!G13*'Valori input_5_20'!$B$19 -> 0.0089262418 | I12: ='Valori input_5_20'!H13*'Valori input_5_20'!$B$19 -> 0.40091156 | J12: ='Valori input_5_20'!I13*'Valori input_5_20'!$B$19 -> 0.5351469 | ... Y12: ='Valori input_5_20'!X13*'Valori input_5_20'!$B$19 -> 0
B13: 45 | C13: ='Valori input_5_20'!B14*'Valori input_5_20'!$B$19 -> 0.53705909 | D13: ='Valori input_5_20'!C14*'Valori input_5_20'!$B$19 -> 0.6497192 | E13: ='Valori input_5_20'!D14*'Valori input_5_20'!$B$19 -> 0.41535512 | F13: ='Valori input_5_20'!E14*'Valori input_5_20'!$B$19 -> 0.41264428 | G13: ='Valori input_5_20'!F14*'Valori input_5_20'!$B$19 -> 0.1196798 | H13: ='Valori input_5_20'!G14*'Valori input_5_20'!$B$19 -> 0.011398124 | I13: ='Valori input_5_20'!H14*'Valori input_5_20'!$B$19 -> 0.45448739 | J13: ='Valori input_5_20'!I14*'Valori input_5_20'!$B$19 -> 0.59664231 | ... Y13: ='Valori input_5_20'!X14*'Valori input_5_20'!$B$19 -> 0
B14: 50 | C14: ='Valori input_5_20'!B15*'Valori input_5_20'!$B$19 -> 0.60541253 | D14: ='Valori input_5_20'!C15*'Valori input_5_20'!$B$19 -> 0.72849205 | E14: ='Valori input_5_20'!D15*'Valori input_5_20'!$B$19 -> 0.47104237 | F14: ='Valori input_5_20'!E15*'Valori input_5_20'!$B$19 -> 0.46714547 | G14: ='Valori input_5_20'!F15*'Valori input_5_20'!$B$19 -> 0.13835193 | H14: ='Valori input_5_20'!G15*'Valori input_5_20'!$B$19 -> 0.015078482 | I14: ='Valori input_5_20'!H15*'Valori input_5_20'!$B$19 -> 0.51340485 | J14: ='Valori input_5_20'!I15*'Valori input_5_20'!$B$19 -> 0.66867713 | ... Y14: ='Valori input_5_20'!X15*'Valori input_5_20'!$B$19 -> 0
A17: Xc | C17: 0.16244925 | D17: 0.20656348 | E17: 0.11236328 | F17: 0.1097456 | G17: 0.040554589 | H17: 0.0024466387 | I17: 0.12261774 | J17: 0.19230695 | K17: 0.027593879 | L17: 0.046854981 | M17: 0.016302468 | N17: 0.031196417 | O17: 0.028911793 | P17: 0.021428657 | Q17: 0.0090075915 | R17: 0.045051287 | S17: 0.030164481 | T17: 0.020083218 | U17: 0.011659004 | V17: 0.018627448 | Y17: pA | Z17: 12.282 | AA17: mbar
A18: Xa | C18: 0.022035665 | D18: 0.028474749 | E18: 0.015224383 | F18: 0.017638197 | G18: 0.0082137527 | H18: 0.00055394666 | I18: 0.019029185 | J18: 0.024427627 | K18: 0.0039947037 | L18: 0.0066783516 | M18: 0.0034758675 | N18: 0.0087742773 | O18: 0.0076813353 | P18: 0.0047961547 | Q18: 0.0042515287 | R18: 0.006017365 | S18: 0.0072279159 | T18: 0.0052468082 | U18: 0.00307947 | V18: 0.0039355898 | Y18: pC | Z18: 42.47 | AA18: mbar
A19: DeltaX | C19: 0.14041359 | D19: 0.17808873 | E19: 0.097138899 | F19: 0.092107403 | G19: 0.032340836 | H19: 0.0018926921 | I19: 0.10358856 | J19: 0.16787932 | K19: 0.023599175 | L19: 0.040176629 | M19: 0.0128266 | N19: 0.02242214 | O19: 0.021230458 | P19: 0.016632502 | Q19: 0.0047560628 | R19: 0.039033922 | S19: 0.022936566 | T19: 0.01483641 | U19: 0.0085795336 | V19: 0.014691858
A20: qst | C20: 48.745216 | D20: 48.75483 | E20: 48.728704 | F20: 48.742452 | G20: 48.797029 | H20: 48.740714 | I20: 48.741235 | J20: 48.749427 | K20: 48.679287 | L20: 48.682012 | M20: 48.805959 | N20: 48.78337 | O20: 48.774742 | P20: 48.758958 | Q20: 48.891033 | R20: 48.752525 | S20: 48.759099 | T20: 48.825698 | U20: 48.790195 | V20: 48.779956
A21: Qu | C21: 379.93287 | D21: 481.96979 | E21: 262.75063 | F21: 249.21125 | G21: 87.601261 | H21: 5.1207973 | I21: 280.26835 | J21: 454.28924 | K21: 63.768582 | L21: 108.56948 | M21: 34.749626 | N21: 60.717598 | O21: 57.48044 | P21: 45.017124 | Q21: 12.907512 | R21: 105.63432 | S21: 62.079727 | T21: 40.210829 | U21: 23.236032 | V21: 39.781747
A22: W0_20 | C22: 0.98981938 | D22: 1.1238206 | E22: 0.91259198 | F22: 1.0784288 | G22: 0.24907246 | H22: 0.26535428 | I22: 1.1127322 | J22: 0.9807238 | K22: 1.7250716 | L22: 2.1974433 | M22: 0.096696853 | N22: 1.8910676 | O22: 1.6514348 | P22: 0.61043695 | Q22: 0.12684413 | R22: 0.23957087 | S22: 1.5902351 | T22: 0.13885223 | U22: 0.25520032 | V22: 0.18541764
A23: E_20 | C23: 2910.2968 | D23: 3115.4801 | E23: 2421.9879 | F23: 2022.9522 | G23: 2662.191 | H23: 165.72289 | I23: 2165.3022 | J23: 3274.8215 | K23: 515.84386 | L23: 659.4281 | M23: 2696.6578 | N23: 206.10882 | O23: 248.29102 | P23: 666.33738 | Q23: 460.61602 | R23: 3173.2747 | S23: 325.41823 | T23: 2218.8678 | U23: 720.0002 | V23: 1791.3658
A24: n_20 | C24: 1.2510726 | D24: 1.3017092 | E24: 1.1259017 | F24: 0.98770485 | G24: 1.0605479 | H24: 0.4626526 | I24: 1.0289609 | J24: 1.3749356 | K24: 0.64433033 | L24: 0.68835679 | M24: 1.0501092 | N24: 0.45251071 | O24: 0.47625254 | P24: 0.62078233 | Q24: 0.41988063 | R24: 1.3285006 | S24: 0.5170991 | T24: 0.88591182 | U24: 0.60268055 | V24: 0.86825643

Sheet Valori output_6_20
B1: RH [%] | C1: LiCl_15 | D1: CaCl_11 | E1: CaCl_12 | F1: ZnN_11 | G1: LiCl_16 | H1: LiCl_17 | I1: MgCl_17 | J1: CaCl_13 | K1: LiCl_18 | L1: LiCl_19 | M1: CaCl_14 | N1: ZnN_12 | O1: CaCl_15 | P1: KAlS_10 | Q1: ZnN_13 | R1: MgCl_18 | S1: MgS_4 | T1: MgCl_19 | U1: ZnN_14 | V1: ZnN_15 | W1: - | X1: - | Y1: -
C2: ='Valori input_6_20'!B$1 -> S01 | D2: ='Valori input_6_20'!C$1 -> S02 | E2: ='Valori input_6_20'!D$1 -> S03 | F2: ='Valori input_6_20'!E$1 -> S04 | G2: ='Valori input_6_20'!F$1 -> S05 | H2: ='Valori input_6_20'!G$1 -> S06 | I2: ='Valori input_6_20'!H$1 -> S07 | J2: ='Valori input_6_20'!I$1 -> S08 | ... Y2: ='Valori input_6_20'!X$1 -> S23
B3: RH [%] | C3: dm [g] | D3: dm [g] | E3: dm [g] | F3: dm [g] | G3: dm [g] | H3: dm [g] | I3: dm [g] | J3: dm [g] | K3: dm [g] | L3: dm [g] | M3: dm [g] | N3: dm [g] | O3: dm [g] | P3: dm [g] | Q3: dm [g] | R3: dm [g] | S3: dm [g] | T3: dm [g] | U3: dm [g] | V3: dm [g] | W3: dm [g] | X3: dm [g] | Y3: dm [g]
B4: 0 | C4: ='Valori input_6_20'!B5*'Valori input_6_20'!$B$19 -> 0 | D4: ='Valori input_6_20'!C5*'Valori input_6_20'!$B$19 -> 0 | E4: ='Valori input_6_20'!D5*'Valori input_6_20'!$B$19 -> 0 | F4: ='Valori input_6_20'!E5*'Valori input_6_20'!$B$19 -> 0 | G4: ='Valori input_6_20'!F5*'Valori input_6_20'!$B$19 -> 0 | H4: ='Valori input_6_20'!G5*'Valori input_6_20'!$B$19 -> 0 | I4: ='Valori input_6_20'!H5*'Valori input_6_20'!$B$19 -> 0 | J4: ='Valori input_6_20'!I5*'Valori input_6_20'!$B$19 -> 0 | ... Y4: ='Valori input_6_20'!X5*'Valori input_6_20'!$B$19 -> 0
B5: 5 | C5: ='Valori input_6_20'!B6*'Valori input_6_20'!$B$19 -> 0.04853389 | D5: ='Valori input_6_20'!C6*'Valori input_6_20'!$B$19 -> 0.0084885817 | E5: ='Valori input_6_20'!D6*'Valori input_6_20'!$B$19 -> 0.012081547 | F5: ='Valori input_6_20'!E6*'Valori input_6_20'!$B$19 -> 0.0066535278 | G5: ='Valori input_6_20'!F6*'Valori input_6_20'!$B$19 -> 0.059259699 | H5: ='Valori input_6_20'!G6*'Valori input_6_20'!$B$19 -> 0.051916933 | I5: ='Valori input_6_20'!H6*'Valori input_6_20'!$B$19 -> 0.0076982176 | J5: ='Valori input_6_20'!I6*'Valori input_6_20'!$B$19 -> 0.011785558 | ... Y5: ='Valori input_6_20'!X6*'Valori input_6_20'!$B$19 -> 0
B6: 10 | C6: ='Valori input_6_20'!B7*'Valori input_6_20'!$B$19 -> 0.07753105 | D6: ='Valori input_6_20'!C7*'Valori input_6_20'!$B$19 -> 0.016388722 | E6: ='Valori input_6_20'!D7*'Valori input_6_20'!$B$19 -> 0.029011023 | F6: ='Valori input_6_20'!E7*'Valori input_6_20'!$B$19 -> 0.022782814 | G6: ='Valori input_6_20'!F7*'Valori input_6_20'!$B$19 -> 0.088108514 | H6: ='Valori input_6_20'!G7*'Valori input_6_20'!$B$19 -> 0.085479899 | I6: ='Valori input_6_20'!H7*'Valori input_6_20'!$B$19 -> 0.013652428 | J6: ='Valori input_6_20'!I7*'Valori input_6_20'!$B$19 -> 0.026772133 | ... Y6: ='Valori input_6_20'!X7*'Valori input_6_20'!$B$19 -> 0
B7: 15 | C7: ='Valori input_6_20'!B8*'Valori input_6_20'!$B$19 -> 0.2196599 | D7: ='Valori input_6_20'!C8*'Valori input_6_20'!$B$19 -> 0.032702324 | E7: ='Valori input_6_20'!D8*'Valori input_6_20'!$B$19 -> 0.067080016 | F7: ='Valori input_6_20'!E8*'Valori input_6_20'!$B$19 -> 0.035270004 | G7: ='Valori input_6_20'!F8*'Valori input_6_20'!$B$19 -> 0.26468146 | H7: ='Valori input_6_20'!G8*'Valori input_6_20'!$B$19 -> 0.24773695 | I7: ='Valori input_6_20'!H8*'Valori input_6_20'!$B$19 -> 0.027281807 | J7: ='Valori input_6_20'!I8*'Valori input_6_20'!$B$19 -> 0.062737265 | ... Y7: ='Valori input_6_20'!X8*'Valori input_6_20'!$B$19 -> 0
B8: 20 | C8: ='Valori input_6_20'!B9*'Valori input_6_20'!$B$19 -> 0.26531974 | D8: ='Valori input_6_20'!C9*'Valori input_6_20'!$B$19 -> 0.047263121 | E8: ='Valori input_6_20'!D9*'Valori input_6_20'!$B$19 -> 0.10026281 | F8: ='Valori input_6_20'!E9*'Valori input_6_20'!$B$19 -> 0.044130863 | G8: ='Valori input_6_20'!F9*'Valori input_6_20'!$B$19 -> 0.31488512 | H8: ='Valori input_6_20'!G9*'Valori input_6_20'!$B$19 -> 0.29973709 | I8: ='Valori input_6_20'!H9*'Valori input_6_20'!$B$19 -> 0.036754763 | J8: ='Valori input_6_20'!I9*'Valori input_6_20'!$B$19 -> 0.09401992 | ... Y8: ='Valori input_6_20'!X9*'Valori input_6_20'!$B$19 -> 0
B9: 25 | C9: ='Valori input_6_20'!B10*'Valori input_6_20'!$B$19 -> 0.3140076 | D9: ='Valori input_6_20'!C10*'Valori input_6_20'!$B$19 -> 0.067282652 | E9: ='Valori input_6_20'!D10*'Valori input_6_20'!$B$19 -> 0.13229741 | F9: ='Valori input_6_20'!E10*'Valori input_6_20'!$B$19 -> 0.053496255 | G9: ='Valori input_6_20'!F10*'Valori input_6_20'!$B$19 -> 0.3648515 | H9: ='Valori input_6_20'!G10*'Valori input_6_20'!$B$19 -> 0.3522697 | I9: ='Valori input_6_20'!H10*'Valori input_6_20'!$B$19 -> 0.052281807 | J9: ='Valori input_6_20'!I10*'Valori input_6_20'!$B$19 -> 0.12858296 | ... Y9: ='Valori input_6_20'!X10*'Valori input_6_20'!$B$19 -> 0
B10: 30 | C10: ='Valori input_6_20'!B11*'Valori input_6_20'!$B$19 -> 0.36533 | D10: ='Valori input_6_20'!C11*'Valori input_6_20'!$B$19 -> 0.090494792 | E10: ='Valori input_6_20'!D11*'Valori input_6_20'!$B$19 -> 0.15813176 | F10: ='Valori input_6_20'!E11*'Valori input_6_20'!$B$19 -> 0.063366181 | G10: ='Valori input_6_20'!F11*'Valori input_6_20'!$B$19 -> 0.41790248 | H10: ='Valori input_6_20'!G11*'Valori input_6_20'!$B$19 -> 0.4073316 | I10: ='Valori input_6_20'!H11*'Valori input_6_20'!$B$19 -> 0.074062692 | J10: ='Valori input_6_20'!I11*'Valori input_6_20'!$B$19 -> 0.16755069 | ... Y10: ='Valori input_6_20'!X11*'Valori input_6_20'!$B$19 -> 0
B11: 35 | C11: ='Valori input_6_20'!B12*'Valori input_6_20'!$B$19 -> 0.42754987 | D11: ='Valori input_6_20'!C12*'Valori input_6_20'!$B$19 -> 0.11801382 | E11: ='Valori input_6_20'!D12*'Valori input_6_20'!$B$19 -> 0.22470147 | F11: ='Valori input_6_20'!E12*'Valori input_6_20'!$B$19 -> 0.073504139 | G11: ='Valori input_6_20'!F12*'Valori input_6_20'!$B$19 -> 0.48481433 | H11: ='Valori input_6_20'!G12*'Valori input_6_20'!$B$19 -> 0.47252729 | I11: ='Valori input_6_20'!H12*'Valori input_6_20'!$B$19 -> 0.10464813 | J11: ='Valori input_6_20'!I12*'Valori input_6_20'!$B$19 -> 0.21757649 | ... Y11: ='Valori input_6_20'!X12*'Valori input_6_20'!$B$19 -> 0
B12: 40 | C12: ='Valori input_6_20'!B13*'Valori input_6_20'!$B$19 -> 0.58353577 | D12: ='Valori input_6_20'!C13*'Valori input_6_20'!$B$19 -> 0.15198067 | E12: ='Valori input_6_20'!D13*'Valori input_6_20'!$B$19 -> 0.29016126 | F12: ='Valori input_6_20'!E13*'Valori input_6_20'!$B$19 -> 0.084398896 | G12: ='Valori input_6_20'!F13*'Valori input_6_20'!$B$19 -> 0.63376438 | H12: ='Valori input_6_20'!G13*'Valori input_6_20'!$B$19 -> 0.62588192 | I12: ='Valori input_6_20'!H13*'Valori input_6_20'!$B$19 -> 0.1406807 | J12: ='Valori input_6_20'!I13*'Valori input_6_20'!$B$19 -> 0.2799963 | ... Y12: ='Valori input_6_20'!X13*'Valori input_6_20'!$B$19 -> 0
B13: 45 | C13: ='Valori input_6_20'!B14*'Valori input_6_20'!$B$19 -> 0.73507373 | D13: ='Valori input_6_20'!C14*'Valori input_6_20'!$B$19 -> 0.19225761 | E13: ='Valori input_6_20'!D14*'Valori input_6_20'!$B$19 -> 0.35407736 | F13: ='Valori input_6_20'!E14*'Valori input_6_20'!$B$19 -> 0.095908553 | G13: ='Valori input_6_20'!F14*'Valori input_6_20'!$B$19 -> 0.8137976 | H13: ='Valori input_6_20'!G14*'Valori input_6_20'!$B$19 -> 0.79566028 | I13: ='Valori input_6_20'!H14*'Valori input_6_20'!$B$19 -> 0.17778119 | J13: ='Valori input_6_20'!I14*'Valori input_6_20'!$B$19 -> 0.34383143 | ... Y13: ='Valori input_6_20'!X14*'Valori input_6_20'!$B$19 -> 0
B14: 50 | C14: ='Valori input_6_20'!B15*'Valori input_6_20'!$B$19 -> 0.83002019 | D14: ='Valori input_6_20'!C15*'Valori input_6_20'!$B$19 -> 0.23894481 | E14: ='Valori input_6_20'!D15*'Valori input_6_20'!$B$19 -> 0.42285415 | F14: ='Valori input_6_20'!E15*'Valori input_6_20'!$B$19 -> 0.10797004 | G14: ='Valori input_6_20'!F15*'Valori input_6_20'!$B$19 -> 0.99843793 | H14: ='Valori input_6_20'!G15*'Valori input_6_20'!$B$19 -> 0.90821353 | I14: ='Valori input_6_20'!H15*'Valori input_6_20'!$B$19 -> 0.22251844 | J14: ='Valori input_6_20'!I15*'Valori input_6_20'!$B$19 -> 0.41279877 | ... Y14: ='Valori input_6_20'!X15*'Valori input_6_20'!$B$19 -> 0
A17: Xc | C17: 0.16757603 | D17: 0.02956567 | E17: 0.059032449 | F17: 0.031719788 | G17: 0.18967344 | H17: 0.18843738 | I17: 0.022594683 | J17: 0.056778469 | K17: 0.11731524 | L17: 0.038768794 | M17: 0.023525479 | N17: 0.054310466 | O17: 0.032805957 | P17: 0.016134529 | Q17: 0.011515514 | R17: 0.023768657 | S17: 0.013535469 | T17: 0.025526358 | U17: 0.020364533 | V17: 0.059021456 | Y17: pA | Z17: 12.282 | AA17: mbar
A18: Xa | C18: 0.04171487 | D18: 0.0038378019 | E18: 0.0076824759 | F18: 0.006737096 | G18: 0.045369231 | H18: 0.048203246 | I18: 0.0024369132 | J18: 0.0066365469 | K18: 0.025648821 | L18: 0.011244781 | M18: 0.0030708381 | N18: 0.0031150517 | O18: 0.0046158928 | P18: 0.0056798503 | Q18: 0.0047397858 | R18: 0.0065609064 | S18: 0.0049922885 | T18: 0.0043941637 | U18: 0.0048852239 | V18: 0.001764111 | Y18: pC | Z18: 42.47 | AA18: mbar
A19: DeltaX | C19: 0.12586116 | D19: 0.025727868 | E19: 0.051349974 | F19: 0.024982692 | G19: 0.14430421 | H19: 0.14023413 | I19: 0.020157769 | J19: 0.050141922 | K19: 0.091666416 | L19: 0.027524013 | M19: 0.020454641 | N19: 0.051195414 | O19: 0.028190064 | P19: 0.010454678 | Q19: 0.0067757285 | R19: 0.01720775 | S19: 0.0085431802 | T19: 0.021132194 | U19: 0.015479309 | V19: 0.057257345
A20: qst | C20: 48.763555 | D20: 48.661218 | E20: 48.670023 | F20: 48.799119 | G20: 48.758818 | H20: 48.769577 | I20: 48.628418 | J20: 48.658989 | K20: 48.752187 | L20: 48.804339 | M20: 48.663886 | N20: 48.660887 | O20: 48.678676 | P20: 48.839871 | Q20: 48.891097 | R20: 48.811007 | S20: 48.848277 | T20: 48.693486 | U20: 48.823877 | V20: 48.596859
A21: Qu | C21: 340.68485 | D21: 69.494831 | E21: 138.72908 | F21: 67.673237 | G21: 390.56913 | H21: 379.63694 | I21: 54.412458 | J21: 135.43465 | K21: 248.06763 | L21: 74.565156 | M21: 55.254083 | N21: 138.28556 | O21: 76.172911 | P21: 28.343333 | Q21: 18.388721 | R21: 46.623793 | S21: 23.16512 | T21: 57.119079 | U21: 41.9517 | V21: 154.45613
A22: W0 | C22: 9.9685393 | D22: 2.1539639 | E22: 2.6433731 | F22: 0.21068187 | G22: 9.9989935 | H22: 9.9951571 | I22: 2.6740077 | J22: 2.1175583 | K22: 3.9261206 | L22: 0.87186063 | M22: 1.5241274 | N22: 0.2743419 | O22: 1.6701499 | P22: 0.28780439 | Q22: 0.079334088 | R22: 0.29939524 | S22: 0.21130466 | T22: 3.8518711 | U22: 0.1166995 | V22: 0.31098906
A23: E | C23: 267.6159 | D23: 504.69927 | E23: 733.84588 | F23: 2474.0009 | G23: 326.34776 | H23: 289.5639 | I23: 411.39437 | J23: 902.81689 | K23: 585.30871 | L23: 620.29439 | M23: 550.61441 | N23: 3522.1682 | O23: 624.47006 | P23: 609.28372 | Q23: 1660.6737 | R23: 1215.0918 | S23: 669.43805 | T23: 191.82827 | U23: 2681.4086 | V23: 3578.74
A24: n | C24: 0.49222861 | D24: 0.6543352 | E24: 0.72159069 | F24: 1.0046619 | G24: 0.51764995 | H24: 0.49594499 | I24: 0.643397 | J24: 0.78257895 | K24: 0.60464602 | L24: 0.56250417 | M24: 0.66800554 | N24: 1.7089146 | O24: 0.68021022 | P24: 0.5195835 | Q24: 0.63586767 | R24: 0.69038765 | S24: 0.52037623 | T24: 0.50518389 | U24: 1.0041563 | V24: 1.9077944

Sheet Valori input_6_20
B1: S01 | C1: S02 | D1: S03 | E1: S04 | F1: S05 | G1: S06 | H1: S07 | I1: S08 | J1: S09 | K1: S10 | L1: S11 | M1: S12 | N1: S13 | O1: S14 | P1: S15 | Q1: S16 | R1: S17 | S1: S18 | T1: S19 | U1: S20 | V1: S21 | W1: S22 | X1: S23
A2: Sample name | B2: LiCl_15 | C2: CaCl_11 | D2: CaCl_12 | E2: ZnN_11 | F2: LiCl_16 | G2: LiCl_17 | H2: MgCl_17 | I2: CaCl_13 | J2: LiCl_18 | K2: LiCl_19 | L2: CaCl_14 | M2: ZnN_12 | N2: CaCl_15 | O2: KAlS_10 | P2: ZnN_13 | Q2: MgCl_18 | R2: MgS_4 | S2: MgCl_19 | T2: ZnN_14 | U2: ZnN_15
A3: Initial mass [mg] | B3: 584.54 | C3: 798.72 | D3: 783.84 | E3: 634.25 | F3: 505.74 | G3: 600.96 | H3: 1301.6 | I3: 756.01 | J3: 630.39 | K3: 653.7 | L3: 782.78 | M3: 618.97 | N3: 911.25 | O3: 612.52 | P3: 577.29 | Q3: 533.84 | R3: 698.79 | S3: 1277.7 | T3: 539.3 | U3: 622.75
A4: RH [%] | B4: dm [%] | C4: dm [%] | D4: dm [%] | E4: dm [%] | F4: dm [%] | G4: dm [%] | H4: dm [%] | I4: dm [%] | J4: dm [%] | K4: dm [%] | L4: dm [%] | M4: dm [%] | N4: dm [%] | O4: dm [%] | P4: dm [%] | Q4: dm [%] | R4: dm [%] | S4: dm [%] | T4: dm [%] | U4: dm [%] | V4: dm [%] | W4: dm [%] | X4: dm [%]
A5: 0 | B5: 0 | C5: 0 | D5: 0 | E5: 0 | F5: 0 | G5: 0 | H5: 0 | I5: 0 | J5: 0 | K5: 0 | L5: 0 | M5: 0 | N5: 0 | O5: 0 | P5: 0 | Q5: 0 | R5: 0 | S5: 0 | T5: 0 | U5: 0
A6: 5 | B6: 4.853389 | C6: 0.84885817 | D6: 1.2081547 | E6: 0.66535278 | F6: 5.9259699 | G6: 5.1916933 | H6: 0.76982176 | I6: 1.1785558 | J6: 2.8204762 | K6: 1.3278262 | L6: 0.87636373 | M6: 0.5169879 | N6: 1.0227709 | O6: 0.78854568 | P6: 0.59415545 | Q6: 0.91038513 | R6: 0.55953863 | S6: 0.96266729 | T6: 0.6044873 | U6: 0.42071457
A7: 10 | B7: 7.753105 | C7: 1.6388722 | D7: 2.9011023 | E7: 2.2782814 | F7: 8.8108514 | G7: 8.5479899 | H7: 1.3652428 | I7: 2.6772133 | J7: 6.0533955 | K7: 2.6158788 | L7: 1.5802652 | M7: 1.7755303 | N7: 1.914952 | O7: 1.244041 | P7: 0.89036706 | Q7: 1.6278286 | R7: 1.0246283 | S7: 1.6474916 | T7: 1.3665863 | U7: 1.5014051
A8: 15 | B8: 21.96599 | C8: 3.2702324 | D8: 6.7080016 | E8: 3.5270004 | F8: 26.468146 | G8: 24.773695 | H8: 2.7281807 | I8: 6.2737265 | J8: 14.694078 | K8: 4.3261435 | L8: 2.6290912 | M8: 6.7515388 | N8: 3.514952 | O8: 1.7762685 | P8: 1.2125621 | Q8: 2.5794245 | R8: 1.4897179 | S8: 3.12906 | T8: 2.2677545 | U8: 7.3962264
A9: 20 | B9: 26.531974 | C9: 4.7263121 | D9: 10.026281 | E9: 4.4130863 | F9: 31.488512 | G9: 29.973709 | H9: 3.6754763 | I9: 9.401992 | J9: 18.544076 | K9: 5.3923818 | L9: 3.5220624 | M9: 8.5319159 | N9: 5.0096022 | O9: 2.1174819 | P9: 1.4221622 | Q9: 3.2256856 | R9: 1.7816511 | S9: 4.0158097 | T9: 2.8036343 | U9: 9.3520674
A10: 25 | B10: 31.40076 | C10: 6.7282652 | D10: 13.229741 | E10: 5.3496255 | F10: 36.48515 | G10: 35.22697 | H10: 5.2281807 | I10: 12.858296 | J10: 22.224337 | K10: 6.403549 | L10: 5.0320652 | M10: 11.17017 | N10: 7.0233196 | O10: 2.4750212 | P10: 1.6577457 | Q10: 3.9356361 | R10: 2.0735843 | S10: 5.2797996 | T10: 3.3283887 | U10: 13.289442
A11: 30 | B11: 36.533 | C11: 9.0494792 | D11: 15.813176 | E11: 6.3366181 | F11: 41.790248 | G11: 40.73316 | H11: 7.4062692 | I11: 16.755069 | J11: 25.622234 | K11: 7.6181735 | L11: 7.0032448 | M11: 13.018402 | N11: 9.4946502 | O11: 2.8456214 | P11: 1.8725424 | Q11: 4.6755582 | R11: 2.3869832 | S11: 6.9656414 | T11: 3.8494345 | U11: 15.656363
A12: 35 | B12: 42.754987 | C12: 11.801382 | D12: 22.470147 | E12: 7.3504139 | F12: 48.481433 | G12: 47.252729 | H12: 10.464813 | I12: 21.757649 | J12: 30.877711 | K12: 9.4569374 | L12: 9.4598738 | M12: 14.840784 | N12: 12.330316 | O12: 3.3272383 | P12: 2.0960003 | Q12: 5.5428593 | R12: 2.7633481 | S12: 9.2956093 | T12: 4.4038569 | U12: 17.798475
A13: 40 | B13: 58.353577 | C13: 15.198067 | D13: 29.016126 | E13: 8.4398896 | F13: 63.376438 | G13: 62.588192 | H13: 14.06807 | I13: 27.99963 | J13: 43.750694 | K13: 11.381368 | L13: 12.192442 | M13: 16.800491 | N13: 15.566529 | O13: 4.1108862 | P13: 2.3592995 | Q13: 6.5581448 | R13: 3.235593 | S13: 12.173437 | T13: 5.0046356 | U13: 20.06102
A14: 45 | B14: 73.507373 | C14: 19.225761 | D14: 35.407736 | E14: 9.5908553 | F14: 81.37976 | G14: 79.566028 | H14: 17.778119 | I14: 34.383143 | J14: 51.499865 | K14: 13.117638 | L14: 15.015713 | M14: 18.941144 | N14: 19.162689 | O14: 4.7378045 | P14: 2.6295276 | Q14: 7.5228533 | R14: 3.7350277 | S14: 15.31815 | T14: 5.6610421 | U14: 22.530711
A15: 50 | B15: 83.002019 | C15: 23.894481 | D15: 42.285415 | E15: 10.797004 | F15: 99.843793 | G15: 90.821353 | H15: 22.251844 | I15: 41.279877 | J15: 57.789622 | K15: 14.918158 | L15: 18.342318 | M15: 21.295055 | N15: 23.359122 | O15: 5.270032 | P15: 2.9049525 | Q15: 8.5643639 | R15: 4.2015484 | S15: 19.355874 | T15: 6.3322826 | U15: 25.252509
A17: Conversion factor mg to g | B17: 0.001
A19: Conversion factor % to fraction | B19: 0.01
A22: nome file | B22: 4th_opt_round_new
A23: T isotherm [°C] | B23: 20

Sheet Valori input_5_20
B1: S01 | C1: S02 | D1: S03 | E1: S04 | F1: S05 | G1: S06 | H1: S07 | I1: S08 | J1: S09 | K1: S10 | L1: S11 | M1: S12 | N1: S13 | O1: S14 | P1: S15 | Q1: S16 | R1: S17 | S1: S18 | T1: S19 | U1: S20 | V1: S21 | W1: S22 | X1: S23
A2: Sample name | B2: LiCl_9 | C2: LiCl_10 | D2: LiCl_11 | E2: LiCl_12 | F2: SrB_5 | G2: CuS_3 | H2: LiCl_13 | I2: LiCl_14 | J2: CaCl_8 | K2: CaCl_9 | L2: MgCl_13 | M2: MgCl_14 | N2: MgCl_15 | O2: CaCl_10 | P2: ZnN_8 | Q2: ZnN_9 | R2: MgCl_16 | S2: MgN_5 | T2: KAlS_9 | U2: ZnN_10
A3: Initial mass [mg] | B3: 789.28 | C3: 669.52 | D3: 771.99 | E3: 747.69 | F3: 1033.09 | G3: 728.53 | H3: 688.93 | I3: 643.3 | J3: 877.38 | K3: 884.58 | L3: 671.82 | M3: 691.74 | N3: 861.17 | O3: 802.94 | P3: 854.56 | Q3: 632.18 | R3: 672.09 | S3: 774.73 | T3: 589.81 | U3: 731.14 | V3: 638.35 | W3: 566.65
A4: RH [%] | B4: dm [%] | C4: dm [%] | D4: dm [%] | E4: dm [%] | F4: dm [%] | G4: dm [%] | H4: dm [%] | I4: dm [%] | J4: dm [%] | K4: dm [%] | L4: dm [%] | M4: dm [%] | N4: dm [%] | O4: dm [%] | P4: dm [%] | Q4: dm [%] | R4: dm [%] | S4: dm [%] | T4: dm [%] | U4: dm [%] | V4: dm [%] | W4: dm [%] | X4: dm [%]
A5: 0 | B5: 0 | C5: 0 | D5: 0 | E5: 0 | F5: 0 | G5: 0 | H5: 0 | I5: 0 | J5: 0 | K5: 0 | L5: 0 | M5: 0 | N5: 0 | O5: 0 | P5: 0 | Q5: 0 | R5: 0 | S5: 0 | T5: 0 | U5: 0 | V5: 0 | W5: 0
A6: 5 | B6: 3.83134 | C6: 4.8975385 | D6: 2.6373399 | E6: 2.2937314 | F6: 0.99700897 | G6: 0.021972287 | H6: 2.6838721 | I6: 4.4318358 | J6: 0.60521097 | K6: 0.8987316 | L6: 0.46887559 | M6: 1.0726574 | N6: 1.0056086 | O6: 0.6750193 | P6: 0.48563003 | Q6: 0.39387516 | R6: 1.0058177 | S6: 0.65054922 | T6: 0.27296926 | U6: 0.32551905
A7: 10 | B7: 7.6766167 | C7: 9.460509 | D7: 5.7992979 | E7: 6.0546483 | F7: 2.4721951 | G7: 0.15929908 | H7: 6.6131537 | I7: 8.8527903 | J7: 1.5352527 | K7: 2.5469714 | L7: 1.0925546 | M7: 2.1829011 | N7: 2.0181846 | O7: 1.4110643 | P7: 0.73137053 | Q7: 1.5849916 | R7: 2.102397 | S7: 1.3733817 | T7: 0.76634849 | U7: 1.0887108
A8: 15 | B8: 19.269461 | C8: 24.958179 | D8: 12.983329 | E8: 12.969279 | F8: 4.5755936 | G8: 0.29250608 | H8: 14.428171 | I8: 23.051453 | J8: 2.9474116 | K8: 5.143684 | L8: 1.7519574 | M8: 3.4478272 | N8: 3.2432621 | O8: 2.3115052 | P8: 0.97126006 | Q8: 5.7863267 | R8: 3.3998423 | S8: 2.1478451 | T8: 1.2919415 | U8: 2.1254479
A9: 20 | B9: 24.030762 | C9: 30.639861 | D9: 16.581821 | E9: 16.472067 | F9: 5.8020114 | G9: 0.39962098 | H9: 18.334228 | I9: 28.313384 | J9: 4.2535731 | K9: 7.3933392 | L9: 2.2372064 | M9: 4.3817041 | N9: 4.0816564 | O9: 3.0512865 | P9: 1.1444486 | Q9: 7.2131355 | R9: 4.3595352 | S9: 2.6964233 | T9: 1.6903749 | U9: 2.7094674
A10: 25 | B10: 29.667545 | C10: 36.993667 | D10: 21.052086 | E10: 20.152737 | F10: 7.0187496 | G10: 0.51497549 | H10: 22.561073 | I10: 34.56863 | J10: 6.1318927 | K10: 10.215017 | L10: 2.7522253 | M10: 5.5454361 | N10: 5.175517 | O10: 4.0413979 | P10: 1.310616 | Q10: 8.8155272 | R10: 5.6019283 | S10: 3.2850154 | T10: 2.1311948 | U10: 3.3454605
A11: 30 | B11: 35.36641 | C11: 43.347473 | D11: 25.939455 | E11: 24.30419 | F11: 8.1686978 | G11: 0.63307653 | H11: 27.210312 | I11: 40.705736 | J11: 8.1458433 | K11: 13.327229 | L11: 3.2330088 | M11: 6.7655477 | N11: 6.4145291 | O11: 5.0178095 | P11: 1.4604007 | Q11: 9.6997691 | R11: 6.9529379 | S11: 3.8632814 | T11: 2.5567556 | U11: 3.9923954
A12: 35 | B12: 41.791253 | C12: 50.917075 | D12: 31.515952 | E12: 30.381575 | F12: 9.318646 | G12: 0.76491026 | H12: 33.733471 | I12: 47.358931 | J12: 10.502861 | K12: 17.386782 | L12: 3.7658897 | M12: 8.1779281 | N12: 7.8753324 | O12: 6.134954 | P12: 1.6253979 | Q12: 10.533392 | R12: 8.580696 | S12: 4.5022137 | T12: 3.0484393 | U12: 4.7200263
A13: 40 | B13: 47.727042 | C13: 58.128211 | D13: 36.681822 | E13: 36.250318 | F13: 10.519897 | G13: 0.89262418 | H13: 40.091156 | I13: 53.51469 | J13: 13.013745 | K13: 21.505121 | L13: 4.2183918 | M13: 9.7392084 | N13: 9.3477478 | O13: 7.2222084 | P13: 1.7915652 | Q13: 11.507798 | R13: 10.315583 | S13: 5.0417565 | T13: 3.4926502 | U13: 5.4558634
A14: 45 | B14: 53.705909 | C14: 64.97192 | D14: 41.535512 | E14: 41.264428 | F14: 11.96798 | G14: 1.1398124 | H14: 45.448739 | I14: 59.664231 | J14: 16.153776 | K14: 26.360533 | L14: 4.7095948 | M14: 11.758753 | N14: 11.290454 | O14: 8.5037487 | P14: 1.9986894 | Q14: 13.587902 | R14: 12.611406 | S14: 5.6329302 | T14: 4.0606297 | U14: 6.2806029
A15: 50 | B15: 60.541253 | C15: 72.849205 | D15: 47.104237 | E15: 46.714547 | F15: 13.835193 | G15: 1.5078482 | H15: 51.340485 | I15: 66.867713 | J15: 20.395952 | K15: 32.883402 | L15: 5.270757 | M15: 14.501113 | N15: 14.006526 | O15: 10.574887 | P15: 2.2374087 | Q15: 16.957196 | R15: 15.67796 | S15: 6.3518903 | T15: 4.7252505 | U15: 7.1983478
A17: Conversion factor mg to g | B17: 0.001
A19: Conversion factor % to fraction | B19: 0.01
A22: nome file | B22: 3rd_opt_round
A23: T isotherm [°C] | B23: 20

Sheet Valori input_4_20
B1: S01 | C1: S02 | D1: S03 | E1: S04 | F1: S05 | G1: S06 | H1: S07 | I1: S08 | J1: S09 | K1: S10 | L1: S11 | M1: S12 | N1: S13 | O1: S14 | P1: S15 | Q1: S16 | R1: S17 | S1: S18 | T1: S19 | U1: S20 | V1: S21 | W1: S22 | X1: S23
A2: Sample name | B2: CaCl_4 | C2: LiCl_7 | D2: ZnN_5 | E2: MgN_3 | F2: CaCl_5 | G2: MgN_4 | H2: ZnN_6 | I2: SrB_4 | J2: LiCl_8 | K2: CaCl_6 | L2: ZnN_7 | M2: KAlS_8 | N2: MgCl_10 | O2: MgCl_11 | P2: AlS_3 | Q2: AlS_4 | R2: MgS_3 | S2: CaCl_7 | T2: MgCl_12 | U2: AlS_5 | V2: ZnN_3 | W2: ZnN_4
A3: Initial mass [mg] | B3: 754.04 | C3: 535.33 | D3: 481.86 | E3: 949.81 | F3: 753.98 | G3: 867.01 | H3: 539.13 | I3: 804.88 | J3: 598.01 | K3: 632.84 | L3: 693.69 | M3: 539.69 | N3: 608.78 | O3: 1319.19 | P3: 601.52 | Q3: 687.43 | R3: 547.97 | S3: 686.19 | T3: 647.98 | U3: 603.22 | V3: 638.35 | W3: 566.65
A4: RH [%] | B4: dm [%] | C4: dm [%] | D4: dm [%] | E4: dm [%] | F4: dm [%] | G4: dm [%] | H4: dm [%] | I4: dm [%] | J4: dm [%] | K4: dm [%] | L4: dm [%] | M4: dm [%] | N4: dm [%] | O4: dm [%] | P4: dm [%] | Q4: dm [%] | R4: dm [%] | S4: dm [%] | T4: dm [%] | U4: dm [%] | V4: dm [%] | W4: dm [%] | X4: dm [%]
A5: 0 | B5: 0 | C5: 0 | D5: 0 | E5: 0 | F5: 0 | G5: 0 | H5: 0 | I5: 0 | J5: 0 | K5: 0 | L5: 0 | M5: 0 | N5: 0 | O5: 0 | P5: 0 | Q5: 0 | R5: 0 | S5: 0 | T5: 0 | U5: 0 | V5: 0 | W5: 0
A6: 5 | B6: 1.7200679 | C6: 1.7521902 | D6: 0.89237538 | E6: 0.71172129 | F6: 1.2321282 | G6: 0.83390042 | H6: 0.77161353 | I6: 1.1952092 | J6: 2.341098 | K6: 1.4427027 | L6: 0.51608067 | M6: 0.62072671 | N6: 1.4915076 | O6: 0.44117981 | P6: 0.90105067 | Q6: 0.10764732 | R6: 0.47995328 | S6: 1.3319926 | T6: 1.1373808 | U6: 0.099466198 | V6: 0.40103392 | W6: 0.45177799
A7: 10 | B7: 2.4746698 | C7: 4.0498384 | D7: 2.6563732 | E7: 1.647698 | F7: 2.0279052 | G7: 1.7681457 | H7: 1.9995177 | I7: 2.6612663 | J7: 5.601913 | K7: 3.0592251 | L7: 1.2556041 | M7: 1.1488076 | N7: 2.3867407 | O7: 1.0423063 | P7: 1.5427583 | Q7: 0.3622187 | R7: 1.0621019 | S7: 2.0329646 | T7: 2.0293836 | U7: 0.33818507 | V7: 0.94618939 | W7: 2.0841789
A8: 15 | B8: 3.217336 | C8: 7.5280668 | D8: 7.4025651 | E8: 3.0174456 | F8: 3.401947 | G8: 3.2398704 | H8: 3.6540352 | I8: 6.0108339 | J8: 13.753951 | K8: 5.8640415 | L8: 2.0787383 | M8: 1.734329 | N8: 3.405171 | O8: 2.4780358 | P8: 2.2243649 | Q8: 0.66043088 | R8: 1.6752742 | S8: 2.8155467 | T8: 3.080342 | U8: 0.62332151 | V8: 1.7654892 | W8: 4.976617
A9: 20 | B9: 3.8432974 | C9: 10.466441 | D9: 9.807828 | E9: 4.1239827 | F9: 4.8409772 | G9: 4.6942942 | H9: 4.6686328 | I9: 7.8185568 | J9: 18.054882 | K9: 8.4650149 | L9: 2.6841961 | M9: 2.1623525 | N9: 4.0983607 | O9: 4.2389648 | P9: 2.7364011 | Q9: 0.8815443 | R9: 2.1333285 | S9: 3.3824451 | T9: 3.8704898 | U9: 0.82556944 | V9: 2.28558 | W9: 6.2595959
A10: 25 | B10: 4.8909872 | C10: 14.275307 | D10: 12.003486 | E10: 5.7843148 | F10: 7.0426271 | G10: 6.7427135 | H10: 5.7592788 | I10: 9.2560382 | J10: 23.158476 | K10: 11.372543 | L10: 3.3747063 | M10: 2.6478163 | N10: 4.9114623 | O10: 7.5917798 | P10: 3.3215853 | Q10: 1.1390251 | R10: 2.6844535 | S10: 4.2408079 | T10: 4.9662027 | U10: 1.0825238 | V10: 2.8025378 | W10: 7.468455
A11: 30 | B11: 6.092515 | C11: 17.815179 | D11: 14.074627 | E11: 7.2983018 | F11: 9.25754 | G11: 8.5385405 | H11: 6.7683119 | I11: 10.17046 | J11: 27.986154 | K11: 14.190001 | L11: 4.0882815 | M11: 3.0962219 | N11: 5.630934 | O11: 10.956723 | P11: 3.8652081 | Q11: 1.3790495 | R11: 3.1917806 | S11: 5.1414331 | T11: 5.9801228 | U11: 1.3229004 | V11: 3.2881648 | W11: 8.6314303
A12: 35 | B12: 7.6587449 | C12: 22.544972 | D12: 16.18935 | E12: 8.8986218 | F12: 12.070612 | G12: 10.408184 | H12: 7.7996031 | I12: 10.956913 | J12: 34.146586 | K12: 18.633462 | L12: 4.7614929 | M12: 3.5705683 | N12: 6.3832583 | O12: 15.3382 | P12: 4.4603671 | Q12: 1.6365303 | R12: 3.7319561 | S12: 6.2140224 | T12: 7.0742924 | U12: 1.5831703 | V12: 3.7972899 | W12: 9.8155828
A13: 40 | B13: 9.2766962 | C13: 26.846992 | D13: 18.299921 | E13: 10.255735 | F13: 15.349214 | G13: 12.034463 | H13: 8.8067813 | I13: 11.706093 | J13: 40.693299 | K13: 23.038999 | L13: 5.418847 | M13: 4.0041505 | N13: 7.0468806 | O13: 19.260304 | P13: 5.0206144 | Q13: 1.8780094 | R13: 4.2173842 | S13: 7.2443492 | T13: 8.1051884 | U13: 1.823547 | V13: 4.3095481 | W13: 11.010324
A14: 45 | B14: 11.301788 | C14: 31.007042 | D14: 20.690657 | E14: 11.63917 | F14: 19.564179 | G14: 13.735712 | H14: 9.9345241 | I14: 12.714939 | J14: 46.484173 | K14: 28.45901 | L14: 6.192968 | M14: 4.4822027 | N14: 7.8238444 | O14: 23.587201 | P14: 5.7138582 | Q14: 2.2911424 | R14: 4.7356607 | S14: 8.4218657 | T14: 9.4200438 | U14: 2.2147807 | V14: 4.914232 | W14: 12.409777
A15: 50 | B15: 14.233993 | C15: 35.39499 | D15: 23.344955 | E15: 13.105779 | F15: 24.978116 | G15: 15.543073 | H15: 11.164283 | I15: 14.444389 | J15: 52.425545 | K15: 35.179508 | L15: 6.9887125 | M15: 5.0362245 | N15: 8.7585006 | O15: 29.08982 | P15: 6.5484107 | Q15: 3.0141251 | R15: 5.3579576 | S15: 10.113817 | T15: 11.086762 | U15: 2.9508305 | V15: 5.5815775 | W15: 13.98747
A17: Conversion factor mg to g | B17: 0.001
A19: Conversion factor % to fraction | B19: 0.01
A22: nome file | B22: 2st_opt_round
A23: T isotherm [°C] | B23: 20

Sheet Valori input_3_20
B1: S01 | C1: S02 | D1: S03 | E1: S04 | F1: S05 | G1: S06 | H1: S07 | I1: S08 | J1: S09 | K1: S10 | L1: S11 | M1: S12 | N1: S13 | O1: S14 | P1: S15 | Q1: S16 | R1: S17 | S1: S18 | T1: S19 | U1: S20 | V1: S21 | W1: S22 | X1: S23
A2: Sample name | B2: SrB_3 | C2: MgCl_4 | D2: LiCl_3 | E2: LiCl_4 | F2: ZnN_3 | G2: MgCl_5 | H2: LiCl_5 | I2: MgCl_6 | J2: LiCl_6 | K2: MgCl_7 | L2: ZnN_4 | M2: KAlS_3 | N2: KAlS_4 | O2: KAlS_5 | P2: CaCl_3 | Q2: KAlS_6 | R2: MgCl_8 | S2: KAlS_7 | T2: MgCl_9
A3: Initial mass [mg] | B3: 633.26 | C3: 603.96 | D3: 502.65 | E3: 600.38 | F3: 483.19 | G3: 555.6 | H3: 573.21 | I3: 579.65 | J3: 543.81 | K3: 730.14 | L3: 446.17 | M3: 586.95 | N3: 747.96 | O3: 528.71 | P3: 490.44 | Q3: 529.63 | R3: 925.18 | S3: 472.42 | T3: 857.96
A4: RH [%] | B4: dm [%] | C4: dm [%] | D4: dm [%] | E4: dm [%] | F4: dm [%] | G4: dm [%] | H4: dm [%] | I4: dm [%] | J4: dm [%] | K4: dm [%] | L4: dm [%] | M4: dm [%] | N4: dm [%] | O4: dm [%] | P4: dm [%] | Q4: dm [%] | R4: dm [%] | S4: dm [%] | T4: dm [%] | U4: dm [%] | V4: dm [%] | W4: dm [%] | X4: dm [%]
A5: 0 | B5: 0 | C5: 0 | D5: 0 | E5: 0 | F5: 0 | G5: 0 | H5: 0 | I5: 0 | J5: 0 | K5: 0 | L5: 0 | M5: 0 | N5: 0 | O5: 0 | P5: 0 | Q5: 0 | R5: 0 | S5: 0 | T5: 0
A6: 5 | B6: 0.54795818 | C6: 0.76991854 | D6: 1.9138566 | E6: 1.6889303 | F6: 0.028995713 | G6: 0.5075594 | H6: 1.0083564 | I6: 0.67627016 | J6: 1.1750428 | K6: 0.67658257 | L6: 0.033670789 | M6: 0.26748445 | N6: 0.37568854 | O6: 0.23264171 | P6: 0.32827665 | Q6: 0.30020958 | R6: 0.30048207 | S6: 0.19474197 | T6: 0.4767122
A7: 10 | B7: 1.9202223 | C7: 1.8627061 | D7: 5.6023078 | E7: 5.0234851 | F7: 0.56334528 | G7: 1.4938805 | H7: 4.2445177 | I7: 1.8442163 | J7: 4.610066 | K7: 1.8311557 | L7: 1.1762329 | M7: 0.82289803 | N7: 0.92250923 | O7: 0.7622326 | P7: 1.1336759 | Q7: 0.84964976 | R7: 0.87982879 | S7: 0.73239914 | T7: 1.418481
A8: 15 | B8: 3.9494047 | C8: 2.8064773 | D8: 10.229782 | E8: 9.4456844 | F8: 1.2737402 | G8: 2.4028078 | H8: 7.7824881 | I8: 2.8914 | J8: 8.3632151 | K8: 2.8131591 | L8: 4.6667714 | M8: 1.3135702 | N8: 1.4131772 | O8: 1.2521042 | P8: 2.2061822 | Q8: 1.536922 | R8: 1.1316717 | S8: 1.2298379 | T8: 2.4523288
A9: 20 | B9: 5.6106497 | C9: 3.7519041 | D9: 13.395006 | E9: 12.820214 | F9: 1.8557256 | G9: 3.1839453 | H9: 10.33827 | I9: 3.9661865 | J9: 10.967066 | K9: 3.7239434 | L9: 5.9889111 | M9: 1.7480194 | N9: 1.9051821 | O9: 1.7230618 | P9: 3.4805481 | Q9: 1.9655231 | R9: 2.0352796 | S9: 1.6722408 | T9: 3.474521
A10: 25 | B10: 7.2071503 | C10: 5.0450361 | D10: 16.048941 | E10: 16.281355 | F10: 2.5143425 | G10: 4.1522678 | H10: 12.935922 | I10: 5.3601311 | J10: 13.181074 | K10: 5.0866957 | L10: 7.2998272 | M10: 2.2455064 | N10: 2.39585 | O10: 2.2053678 | P10: 5.2993231 | Q10: 2.6018164 | R10: 4.8660801 | S10: 2.1590957 | T10: 5.8534197
A11: 30 | B11: 8.2035815 | C11: 6.060004 | D11: 19.649856 | E11: 19.849096 | F11: 3.0839012 | G11: 4.850612 | H11: 16.158127 | I11: 6.5298025 | J11: 16.353138 | K11: 6.1741584 | L11: 8.5478911 | M11: 2.6612148 | N11: 2.8049628 | O11: 2.6101265 | P11: 6.981486 | Q11: 3.0417461 | R11: 7.2969584 | S11: 2.5824478 | T11: 7.8465197
A12: 35 | B12: 9.13211 | C12: 7.2372343 | D12: 24.697105 | E12: 24.39455 | F12: 3.6886689 | G12: 5.5795536 | H12: 20.304949 | I12: 7.9289226 | J12: 20.827127 | K12: 7.4848659 | L12: 9.867786 | M12: 3.1092938 | N12: 3.2354671 | O12: 3.0508218 | P12: 9.2529157 | Q12: 3.4911164 | R12: 10.081281 | S12: 3.0206172 | T12: 10.127512
A13: 40 | B13: 10.096959 | C13: 8.4707597 | D13: 28.886899 | E13: 28.352044 | F13: 4.3100056 | G13: 6.3588913 | H13: 23.825474 | I13: 9.4056758 | J13: 24.479138 | K13: 8.8695319 | L13: 11.252778 | M13: 3.5471505 | N13: 3.6632975 | O13: 3.4763859 | P13: 11.705815 | Q13: 3.9555916 | R13: 12.863443 | S13: 3.4503196 | T13: 12.474941
A14: 45 | B14: 11.361842 | C14: 10.138089 | D14: 33.034915 | E14: 32.586029 | F14: 4.9996893 | G14: 7.338013 | H14: 27.516966 | I14: 11.222289 | J14: 28.068627 | K14: 10.655491 | L14: 12.821837 | M14: 4.0582673 | N14: 4.1499545 | O14: 3.9662575 | P14: 14.464562 | Q14: 4.4842626 | R14: 16.572991 | S14: 3.9477584 | T14: 15.781622
A15: 50 | B15: 13.152576 | C15: 12.444533 | D15: 37.614642 | E15: 37.221426 | F15: 5.7908581 | G15: 8.4521238 | H15: 31.644598 | I15: 13.603036 | J15: 32.029569 | K15: 13.085162 | L15: 14.640059 | M15: 4.6716075 | N15: 4.7141558 | O15: 4.5204365 | P15: 17.347688 | Q15: 5.1243321 | R15: 21.843317 | S15: 4.5108166 | T15: 20.652478
A17: Conversion factor mg to g | B17: 0.001
A19: Conversion factor % to fraction | B19: 0.01
A22: nome file | B22: 1st_opt_round
A23: T isotherm [°C] | B23: 20

Sheet Valori output_1_40
A1: RH [%] | B1: SrB_50 | C1: LiCl_50 | D1: MgCl_50 | E1: CaCl_50 | F1: MgN_50 | G1: ZnN_50 | H1: AlS_50 | I1: CuS_50 | J1: KAlS_50 | K1: MgS_50 | L1: PC | M1: KC_50 | N1: - | O1: - | P1: - | Q1: - | R1: - | S1: - | T1: - | U1: - | V1: - | W1: - | X1: -
B2: ='Valori input_1_40'!B$1 -> S01 | C2: ='Valori input_1_40'!C$1 -> S02 | D2: ='Valori input_1_40'!D$1 -> S03 | E2: ='Valori input_1_40'!E$1 -> S04 | F2: ='Valori input_1_40'!F$1 -> S05 | G2: ='Valori input_1_40'!G$1 -> S06 | H2: ='Valori input_1_40'!H$1 -> S07 | I2: ='Valori input_1_40'!I$1 -> S08 | ... X2: ='Valori input_1_40'!X$1 -> S23
A3: RH [%] | B3: dm [g] | C3: dm [g] | D3: dm [g] | E3: dm [g] | F3: dm [g] | G3: dm [g] | H3: dm [g] | I3: dm [g] | J3: dm [g] | K3: dm [g] | L3: dm [g] | M3: dm [g] | N3: dm [g] | O3: dm [g] | P3: dm [g] | Q3: dm [g] | R3: dm [g] | S3: dm [g] | T3: dm [g] | U3: dm [g] | V3: dm [g] | W3: dm [g] | X3: dm [g]
A4: 0 | B4: ='Valori input_1_40'!B5*'Valori input_1_40'!B$3*'Valori input_1_40'!$B$16*'Valori input_1_40'!$B$18 -> 0 | C4: ='Valori input_1_40'!C5*'Valori input_1_40'!C$3*'Valori input_1_40'!$B$16*'Valori input_1_40'!$B$18 -> 0 | D4: ='Valori input_1_40'!D5*'Valori input_1_40'!D$3*'Valori input_1_40'!$B$16*'Valori input_1_40'!$B$18 -> 0 | E4: ='Valori input_1_40'!E5*'Valori input_1_40'!E$3*'Valori input_1_40'!$B$16*'Valori input_1_40'!$B$18 -> 0 | F4: ='Valori input_1_40'!F5*'Valori input_1_40'!F$3*'Valori input_1_40'!$B$16*'Valori input_1_40'!$B$18 -> 0 | G4: ='Valori input_1_40'!G5*'Valori input_1_40'!G$3*'Valori input_1_40'!$B$16*'Valori input_1_40'!$B$18 -> 0 | H4: ='Valori input_1_40'!H5*'Valori input_1_40'!H$3*'Valori input_1_40'!$B$16*'Valori input_1_40'!$B$18 -> 0 | I4: ='Valori input_1_40'!I5*'Valori input_1_40'!I$3*'Valori input_1_40'!$B$16*'Valori input_1_40'!$B$18 -> 0 | ... X4: ='Valori input_1_40'!X5*'Valori input_1_40'!X$3*'Valori input_1_40'!$B$16*'Valori input_1_40'!$B$18 -> 0
A5: 10 | B5: ='Valori input_1_40'!B6*'Valori input_1_40'!$B$18 -> 0.037192918 | C5: ='Valori input_1_40'!C6*'Valori input_1_40'!$B$18 -> 0.040581704 | D5: ='Valori input_1_40'!D6*'Valori input_1_40'!$B$18 -> 0.030277796 | E5: ='Valori input_1_40'!E6*'Valori input_1_40'!$B$18 -> 0.038940022 | F5: ='Valori input_1_40'!F6*'Valori input_1_40'!$B$18 -> 0.027046815 | G5: ='Valori input_1_40'!G6*'Valori input_1_40'!$B$18 -> 0.014689377 | H5: ='Valori input_1_40'!H6*'Valori input_1_40'!$B$18 -> 0.0066968168 | I5: ='Valori input_1_40'!I6*'Valori input_1_40'!$B$18 -> 0.0031948882 | ... M5: ='Valori input_1_40'!M6*'Valori input_1_40'!$B$18 -> 0.015847745 | N5: ='Valori input_1_40'!N6*'Valori input_1_40'!N$3*'Valori input_1_40'!$B$16*'Valori input_1_40'!$B$18 -> 0 | O5: ='Valori input_1_40'!O6*'Valori input_1_40'!O$3*'Valori input_1_40'!$B$16*'Valori input_1_40'!$B$18 -> 0 | P5: ='Valori input_1_40'!P6*'Valori input_1_40'!P$3*'Valori input_1_40'!$B$16*'Valori input_1_40'!$B$18 -> 0 | Q5: ='Valori input_1_40'!Q6*'Valori input_1_40'!Q$3*'Valori input_1_40'!$B$16*'Valori input_1_40'!$B$18 -> 0 | R5: ='Valori input_1_40'!R6*'Valori input_1_40'!R$3*'Valori input_1_40'!$B$16*'Valori input_1_40'!$B$18 -> 0 | S5: ='Valori input_1_40'!S6*'Valori input_1_40'!S$3*'Valori input_1_40'!$B$16*'Valori input_1_40'!$B$18 -> 0 | T5: ='Valori input_1_40'!T6*'Valori input_1_40'!T$3*'Valori input_1_40'!$B$16*'Valori input_1_40'!$B$18 -> 0 | U5: ='Valori input_1_40'!U6*'Valori input_1_40'!U$3*'Valori input_1_40'!$B$16*'Valori input_1_40'!$B$18 -> 0 | ... X5: ='Valori input_1_40'!X6*'Valori input_1_40'!X$3*'Valori input_1_40'!$B$16*'Valori input_1_40'!$B$18 -> 0
A6: 20 | B6: ='Valori input_1_40'!B7*'Valori input_1_40'!$B$18 -> 0.081613981 | C6: ='Valori input_1_40'!C7*'Valori input_1_40'!$B$18 -> 0.096819626 | D6: ='Valori input_1_40'!D7*'Valori input_1_40'!$B$18 -> 0.053381163 | E6: ='Valori input_1_40'!E7*'Valori input_1_40'!$B$18 -> 0.05795489 | F6: ='Valori input_1_40'!F7*'Valori input_1_40'!$B$18 -> 0.045759938 | G6: ='Valori input_1_40'!G7*'Valori input_1_40'!$B$18 -> 0.052815739 | H6: ='Valori input_1_40'!H7*'Valori input_1_40'!$B$18 -> 0.012291993 | I6: ='Valori input_1_40'!I7*'Valori input_1_40'!$B$18 -> 0.005597246 | ... M6: ='Valori input_1_40'!M7*'Valori input_1_40'!$B$18 -> 0.024796413 | N6: ='Valori input_1_40'!N7*'Valori input_1_40'!N$3*'Valori input_1_40'!$B$16*'Valori input_1_40'!$B$18 -> 0 | O6: ='Valori input_1_40'!O7*'Valori input_1_40'!O$3*'Valori input_1_40'!$B$16*'Valori input_1_40'!$B$18 -> 0 | P6: ='Valori input_1_40'!P7*'Valori input_1_40'!P$3*'Valori input_1_40'!$B$16*'Valori input_1_40'!$B$18 -> 0 | Q6: ='Valori input_1_40'!Q7*'Valori input_1_40'!Q$3*'Valori input_1_40'!$B$16*'Valori input_1_40'!$B$18 -> 0 | R6: ='Valori input_1_40'!R7*'Valori input_1_40'!R$3*'Valori input_1_40'!$B$16*'Valori input_1_40'!$B$18 -> 0 | S6: ='Valori input_1_40'!S7*'Valori input_1_40'!S$3*'Valori input_1_40'!$B$16*'Valori input_1_40'!$B$18 -> 0 | T6: ='Valori input_1_40'!T7*'Valori input_1_40'!T$3*'Valori input_1_40'!$B$16*'Valori input_1_40'!$B$18 -> 0 | U6: ='Valori input_1_40'!U7*'Valori input_1_40'!U$3*'Valori input_1_40'!$B$16*'Valori input_1_40'!$B$18 -> 0 | ... X6: ='Valori input_1_40'!X7*'Valori input_1_40'!X$3*'Valori input_1_40'!$B$16*'Valori input_1_40'!$B$18 -> 0
A7: 30 | B7: ='Valori input_1_40'!B8*'Valori input_1_40'!$B$18 -> 0.10496821 | C7: ='Valori input_1_40'!C8*'Valori input_1_40'!$B$18 -> 0.14922538 | D7: ='Valori input_1_40'!D8*'Valori input_1_40'!$B$18 -> 0.079666047 | E7: ='Valori input_1_40'!E8*'Valori input_1_40'!$B$18 -> 0.090826338 | F7: ='Valori input_1_40'!F8*'Valori input_1_40'!$B$18 -> 0.067595504 | G7: ='Valori input_1_40'!G8*'Valori input_1_40'!$B$18 -> 0.07496534 | H7: ='Valori input_1_40'!H8*'Valori input_1_40'!$B$18 -> 0.016959471 | I7: ='Valori input_1_40'!I8*'Valori input_1_40'!$B$18 -> 0.0073309062 | ... M7: ='Valori input_1_40'!M8*'Valori input_1_40'!$B$18 -> 0.031768689 | N7: ='Valori input_1_40'!N8*'Valori input_1_40'!N$3*'Valori input_1_40'!$B$16*'Valori input_1_40'!$B$18 -> 0 | O7: ='Valori input_1_40'!O8*'Valori input_1_40'!O$3*'Valori input_1_40'!$B$16*'Valori input_1_40'!$B$18 -> 0 | P7: ='Valori input_1_40'!P8*'Valori input_1_40'!P$3*'Valori input_1_40'!$B$16*'Valori input_1_40'!$B$18 -> 0 | Q7: ='Valori input_1_40'!Q8*'Valori input_1_40'!Q$3*'Valori input_1_40'!$B$16*'Valori input_1_40'!$B$18 -> 0 | R7: ='Valori input_1_40'!R8*'Valori input_1_40'!R$3*'Valori input_1_40'!$B$16*'Valori input_1_40'!$B$18 -> 0 | S7: ='Valori input_1_40'!S8*'Valori input_1_40'!S$3*'Valori input_1_40'!$B$16*'Valori input_1_40'!$B$18 -> 0 | T7: ='Valori input_1_40'!T8*'Valori input_1_40'!T$3*'Valori input_1_40'!$B$16*'Valori input_1_40'!$B$18 -> 0 | U7: ='Valori input_1_40'!U8*'Valori input_1_40'!U$3*'Valori input_1_40'!$B$16*'Valori input_1_40'!$B$18 -> 0 | ... X7: ='Valori input_1_40'!X8*'Valori input_1_40'!X$3*'Valori input_1_40'!$B$16*'Valori input_1_40'!$B$18 -> 0
A8: 40 | B8: ='Valori input_1_40'!B9*'Valori input_1_40'!$B$18 -> 0.12713299 | C8: ='Valori input_1_40'!C9*'Valori input_1_40'!$B$18 -> 0.24263863 | D8: ='Valori input_1_40'!D9*'Valori input_1_40'!$B$18 -> 0.1251468 | E8: ='Valori input_1_40'!E9*'Valori input_1_40'!$B$18 -> 0.12103435 | F8: ='Valori input_1_40'!F9*'Valori input_1_40'!$B$18 -> 0.093802489 | G8: ='Valori input_1_40'!G9*'Valori input_1_40'!$B$18 -> 0.10249554 | H8: ='Valori input_1_40'!H9*'Valori input_1_40'!$B$18 -> 0.026352409 | I8: ='Valori input_1_40'!I9*'Valori input_1_40'!$B$18 -> 0.010005696 | ... M8: ='Valori input_1_40'!M9*'Valori input_1_40'!$B$18 -> 0.041870253 | N8: ='Valori input_1_40'!N9*'Valori input_1_40'!N$3*'Valori input_1_40'!$B$16*'Valori input_1_40'!$B$18 -> 0 | O8: ='Valori input_1_40'!O9*'Valori input_1_40'!O$3*'Valori input_1_40'!$B$16*'Valori input_1_40'!$B$18 -> 0 | P8: ='Valori input_1_40'!P9*'Valori input_1_40'!P$3*'Valori input_1_40'!$B$16*'Valori input_1_40'!$B$18 -> 0 | Q8: ='Valori input_1_40'!Q9*'Valori input_1_40'!Q$3*'Valori input_1_40'!$B$16*'Valori input_1_40'!$B$18 -> 0 | R8: ='Valori input_1_40'!R9*'Valori input_1_40'!R$3*'Valori input_1_40'!$B$16*'Valori input_1_40'!$B$18 -> 0 | S8: ='Valori input_1_40'!S9*'Valori input_1_40'!S$3*'Valori input_1_40'!$B$16*'Valori input_1_40'!$B$18 -> 0 | T8: ='Valori input_1_40'!T9*'Valori input_1_40'!T$3*'Valori input_1_40'!$B$16*'Valori input_1_40'!$B$18 -> 0 | U8: ='Valori input_1_40'!U9*'Valori input_1_40'!U$3*'Valori input_1_40'!$B$16*'Valori input_1_40'!$B$18 -> 0 | ... X8: ='Valori input_1_40'!X9*'Valori input_1_40'!X$3*'Valori input_1_40'!$B$16*'Valori input_1_40'!$B$18 -> 0
A9: 50 | B9: ='Valori input_1_40'!B10*'Valori input_1_40'!$B$18 -> 0.17697516 | C9: ='Valori input_1_40'!C10*'Valori input_1_40'!$B$18 -> 0.30444466 | D9: ='Valori input_1_40'!D10*'Valori input_1_40'!$B$18 -> 0.15723955 | E9: ='Valori input_1_40'!E10*'Valori input_1_40'!$B$18 -> 0.16263781 | F9: ='Valori input_1_40'!F10*'Valori input_1_40'!$B$18 -> 0.11081442 | G9: ='Valori input_1_40'!G10*'Valori input_1_40'!$B$18 -> 0.12873836 | H9: ='Valori input_1_40'!H10*'Valori input_1_40'!$B$18 -> 0.03012118 | I9: ='Valori input_1_40'!I10*'Valori input_1_40'!$B$18 -> 0.011268792 | ... M9: ='Valori input_1_40'!M10*'Valori input_1_40'!$B$18 -> 0.045859639 | N9: ='Valori input_1_40'!N10*'Valori input_1_40'!N$3*'Valori input_1_40'!$B$16*'Valori input_1_40'!$B$18 -> 0 | O9: ='Valori input_1_40'!O10*'Valori input_1_40'!O$3*'Valori input_1_40'!$B$16*'Valori input_1_40'!$B$18 -> 0 | P9: ='Valori input_1_40'!P10*'Valori input_1_40'!P$3*'Valori input_1_40'!$B$16*'Valori input_1_40'!$B$18 -> 0 | Q9: ='Valori input_1_40'!Q10*'Valori input_1_40'!Q$3*'Valori input_1_40'!$B$16*'Valori input_1_40'!$B$18 -> 0 | R9: ='Valori input_1_40'!R10*'Valori input_1_40'!R$3*'Valori input_1_40'!$B$16*'Valori input_1_40'!$B$18 -> 0 | S9: ='Valori input_1_40'!S10*'Valori input_1_40'!S$3*'Valori input_1_40'!$B$16*'Valori input_1_40'!$B$18 -> 0 | T9: ='Valori input_1_40'!T10*'Valori input_1_40'!T$3*'Valori input_1_40'!$B$16*'Valori input_1_40'!$B$18 -> 0 | U9: ='Valori input_1_40'!U10*'Valori input_1_40'!U$3*'Valori input_1_40'!$B$16*'Valori input_1_40'!$B$18 -> 0 | ... X9: ='Valori input_1_40'!X10*'Valori input_1_40'!X$3*'Valori input_1_40'!$B$16*'Valori input_1_40'!$B$18 -> 0
A10: 60 | B10: ='Valori input_1_40'!B11*'Valori input_1_40'!$B$18 -> 0.21531177 | C10: ='Valori input_1_40'!C11*'Valori input_1_40'!$B$18 -> 0.38639416 | D10: ='Valori input_1_40'!D11*'Valori input_1_40'!$B$18 -> 0.24322593 | E10: ='Valori input_1_40'!E11*'Valori input_1_40'!$B$18 -> 0.31967904 | F10: ='Valori input_1_40'!F11*'Valori input_1_40'!$B$18 -> 0.13456652 | G10: ='Valori input_1_40'!G11*'Valori input_1_40'!$B$18 -> 0.16762395 | H10: ='Valori input_1_40'!H11*'Valori input_1_40'!$B$18 -> 0.043050965 | I10: ='Valori input_1_40'!I11*'Valori input_1_40'!$B$18 -> 0.015479109 | ... M10: ='Valori input_1_40'!M11*'Valori input_1_40'!$B$18 -> 0.062475981 | N10: ='Valori input_1_40'!N11*'Valori input_1_40'!N$3*'Valori input_1_40'!$B$16*'Valori input_1_40'!$B$18 -> 0 | O10: ='Valori input_1_40'!O11*'Valori input_1_40'!O$3*'Valori input_1_40'!$B$16*'Valori input_1_40'!$B$18 -> 0 | P10: ='Valori input_1_40'!P11*'Valori input_1_40'!P$3*'Valori input_1_40'!$B$16*'Valori input_1_40'!$B$18 -> 0 | Q10: ='Valori input_1_40'!Q11*'Valori input_1_40'!Q$3*'Valori input_1_40'!$B$16*'Valori input_1_40'!$B$18 -> 0 | R10: ='Valori input_1_40'!R11*'Valori input_1_40'!R$3*'Valori input_1_40'!$B$16*'Valori input_1_40'!$B$18 -> 0 | S10: ='Valori input_1_40'!S11*'Valori input_1_40'!S$3*'Valori input_1_40'!$B$16*'Valori input_1_40'!$B$18 -> 0 | T10: ='Valori input_1_40'!T11*'Valori input_1_40'!T$3*'Valori input_1_40'!$B$16*'Valori input_1_40'!$B$18 -> 0 | U10: ='Valori input_1_40'!U11*'Valori input_1_40'!U$3*'Valori input_1_40'!$B$16*'Valori input_1_40'!$B$18 -> 0 | ... X10: ='Valori input_1_40'!X11*'Valori input_1_40'!X$3*'Valori input_1_40'!$B$16*'Valori input_1_40'!$B$18 -> 0
A11: 70 | B11: ='Valori input_1_40'!B12*'Valori input_1_40'!$B$18 -> 0.26867652 | C11: ='Valori input_1_40'!C12*'Valori input_1_40'!$B$18 -> 0.50109725 | D11: ='Valori input_1_40'!D12*'Valori input_1_40'!$B$18 -> 0.33427284 | E11: ='Valori input_1_40'!E12*'Valori input_1_40'!$B$18 -> 0.43073396 | F11: ='Valori input_1_40'!F12*'Valori input_1_40'!$B$18 -> 0.16755674 | G11: ='Valori input_1_40'!G12*'Valori input_1_40'!$B$18 -> 0.23278537 | H11: ='Valori input_1_40'!H12*'Valori input_1_40'!$B$18 -> 0.092334899 | I11: ='Valori input_1_40'!I12*'Valori input_1_40'!$B$18 -> 0.021893652 | ... M11: ='Valori input_1_40'!M12*'Valori input_1_40'!$B$18 -> 0.11117211 | N11: ='Valori input_1_40'!N12*'Valori input_1_40'!N$3*'Valori input_1_40'!$B$16*'Valori input_1_40'!$B$18 -> 0 | O11: ='Valori input_1_40'!O12*'Valori input_1_40'!O$3*'Valori input_1_40'!$B$16*'Valori input_1_40'!$B$18 -> 0 | P11: ='Valori input_1_40'!P12*'Valori input_1_40'!P$3*'Valori input_1_40'!$B$16*'Valori input_1_40'!$B$18 -> 0 | Q11: ='Valori input_1_40'!Q12*'Valori input_1_40'!Q$3*'Valori input_1_40'!$B$16*'Valori input_1_40'!$B$18 -> 0 | R11: ='Valori input_1_40'!R12*'Valori input_1_40'!R$3*'Valori input_1_40'!$B$16*'Valori input_1_40'!$B$18 -> 0 | S11: ='Valori input_1_40'!S12*'Valori input_1_40'!S$3*'Valori input_1_40'!$B$16*'Valori input_1_40'!$B$18 -> 0 | T11: ='Valori input_1_40'!T12*'Valori input_1_40'!T$3*'Valori input_1_40'!$B$16*'Valori input_1_40'!$B$18 -> 0 | U11: ='Valori input_1_40'!U12*'Valori input_1_40'!U$3*'Valori input_1_40'!$B$16*'Valori input_1_40'!$B$18 -> 0 | ... X11: ='Valori input_1_40'!X12*'Valori input_1_40'!X$3*'Valori input_1_40'!$B$16*'Valori input_1_40'!$B$18 -> 0
A12: 80 | B12: ='Valori input_1_40'!B13*'Valori input_1_40'!$B$18 -> 0.35953154 | C12: ='Valori input_1_40'!C13*'Valori input_1_40'!$B$18 -> 0.69463824 | D12: ='Valori input_1_40'!D13*'Valori input_1_40'!$B$18 -> 0.46537698 | E12: ='Valori input_1_40'!E13*'Valori input_1_40'!$B$18 -> 0.58595462 | F12: ='Valori input_1_40'!F13*'Valori input_1_40'!$B$18 -> 0.24342134 | G12: ='Valori input_1_40'!G13*'Valori input_1_40'!$B$18 -> 0.34528289 | H12: ='Valori input_1_40'!H13*'Valori input_1_40'!$B$18 -> 0.19974488 | I12: ='Valori input_1_40'!I13*'Valori input_1_40'!$B$18 -> 0.068999678 | ... M12: ='Valori input_1_40'!M13*'Valori input_1_40'!$B$18 -> 0.47431604 | N12: ='Valori input_1_40'!N13*'Valori input_1_40'!N$3*'Valori input_1_40'!$B$16*'Valori input_1_40'!$B$18 -> 0 | O12: ='Valori input_1_40'!O13*'Valori input_1_40'!O$3*'Valori input_1_40'!$B$16*'Valori input_1_40'!$B$18 -> 0 | P12: ='Valori input_1_40'!P13*'Valori input_1_40'!P$3*'Valori input_1_40'!$B$16*'Valori input_1_40'!$B$18 -> 0 | Q12: ='Valori input_1_40'!Q13*'Valori input_1_40'!Q$3*'Valori input_1_40'!$B$16*'Valori input_1_40'!$B$18 -> 0 | R12: ='Valori input_1_40'!R13*'Valori input_1_40'!R$3*'Valori input_1_40'!$B$16*'Valori input_1_40'!$B$18 -> 0 | S12: ='Valori input_1_40'!S13*'Valori input_1_40'!S$3*'Valori input_1_40'!$B$16*'Valori input_1_40'!$B$18 -> 0 | T12: ='Valori input_1_40'!T13*'Valori input_1_40'!T$3*'Valori input_1_40'!$B$16*'Valori input_1_40'!$B$18 -> 0 | U12: ='Valori input_1_40'!U13*'Valori input_1_40'!U$3*'Valori input_1_40'!$B$16*'Valori input_1_40'!$B$18 -> 0 | ... X12: ='Valori input_1_40'!X13*'Valori input_1_40'!X$3*'Valori input_1_40'!$B$16*'Valori input_1_40'!$B$18 -> 0
A13: 90 | B13: ='Valori input_1_40'!B14*'Valori input_1_40'!$B$18 -> 0.56997118 | C13: ='Valori input_1_40'!C14*'Valori input_1_40'!$B$18 -> 1.1422816 | D13: ='Valori input_1_40'!D14*'Valori input_1_40'!$B$18 -> 0.73943587 | E13: ='Valori input_1_40'!E14*'Valori input_1_40'!$B$18 -> 0.92154681 | F13: ='Valori input_1_40'!F14*'Valori input_1_40'!$B$18 -> 0.41166717 | G13: ='Valori input_1_40'!G14*'Valori input_1_40'!$B$18 -> 0.59387998 | H13: ='Valori input_1_40'!H14*'Valori input_1_40'!$B$18 -> 0.22685105 | I13: ='Valori input_1_40'!I14*'Valori input_1_40'!$B$18 -> 0.080639968 | ... M13: ='Valori input_1_40'!M14*'Valori input_1_40'!$B$18 -> 0.87764663 | N13: ='Valori input_1_40'!N14*'Valori input_1_40'!N$3*'Valori input_1_40'!$B$16*'Valori input_1_40'!$B$18 -> 0 | O13: ='Valori input_1_40'!O14*'Valori input_1_40'!O$3*'Valori input_1_40'!$B$16*'Valori input_1_40'!$B$18 -> 0 | P13: ='Valori input_1_40'!P14*'Valori input_1_40'!P$3*'Valori input_1_40'!$B$16*'Valori input_1_40'!$B$18 -> 0 | Q13: ='Valori input_1_40'!Q14*'Valori input_1_40'!Q$3*'Valori input_1_40'!$B$16*'Valori input_1_40'!$B$18 -> 0 | R13: ='Valori input_1_40'!R14*'Valori input_1_40'!R$3*'Valori input_1_40'!$B$16*'Valori input_1_40'!$B$18 -> 0 | S13: ='Valori input_1_40'!S14*'Valori input_1_40'!S$3*'Valori input_1_40'!$B$16*'Valori input_1_40'!$B$18 -> 0 | T13: ='Valori input_1_40'!T14*'Valori input_1_40'!T$3*'Valori input_1_40'!$B$16*'Valori input_1_40'!$B$18 -> 0 | U13: ='Valori input_1_40'!U14*'Valori input_1_40'!U$3*'Valori input_1_40'!$B$16*'Valori input_1_40'!$B$18 -> 0 | ... X13: ='Valori input_1_40'!X14*'Valori input_1_40'!X$3*'Valori input_1_40'!$B$16*'Valori input_1_40'!$B$18 -> 0
B15: 0.042415683 | C15: 0.059305962 | D15: 0.061130121 | E15: 0.059687757 | F15: 0.027247129 | G15: 0.023844764 | H15: 0.015452974 | I15: 0.005932179 | J15: 0.009321845 | K15: 0.0080648868 | L15: 0.008505194 | M15: 0.050470625
B16: 6.6169499 | C16: 3.060709 | D16: 1.8517463 | E16: 1 | F16: 8.5556933 | G16: 4.1631074 | H16: 1 | I16: 1 | J16: 9.6749192 | K16: 10.391517 | L16: 7.8734518 | M16: 1
B17: 10.150162 | C17: 10.332986 | D17: 11.81505 | E17: 9.8227166 | F17: 12.79768 | G17: 17.647284 | H17: 86.587814 | I17: 74.741677 | J17: 19.968241 | K17: 15.244102 | L17: 11.656868 | M17: 105.41365
B18: 3.6680128 | C18: 4.722679 | D18: 2.9962544 | E18: 8.1560186 | F18: 5.7143208 | G18: 3.8706786 | H18: 24.673325 | I18: 35.20026 | J18: 4.093321 | K18: 3.8924618 | L18: 4.1525642 | M18: 60.941445
B19: 0.99600938 | C19: 0.99518934 | D19: 0.99845535 | E19: 0.99018271 | F19: 0.99069042 | G19: 0.99708777 | H19: 0.95286519 | I19: 0.90053306 | J19: 0.99578236 | K19: 0.99576425 | L19: 0.99496633 | M19: 0.81664408

Sheet Valori output_2_40
A1: RH [%] | B1: SrB_2 | C1: LiCl_2 | D1: MgCl_2 | E1: CaCl_2 | F1: MgN_2 | G1: ZnN_2 | H1: AlS_2 | I1: CuS_2 | J1: KAlS_2 | K1: MgS_2 | L1: KC_2 | M1: - | N1: - | O1: - | P1: - | Q1: - | R1: - | S1: - | T1: - | U1: - | V1: - | W1: - | X1: -
B2: ='Valori input_2_40'!B$1 -> S07 | C2: ='Valori input_2_40'!C$1 -> S09 | D2: ='Valori input_2_40'!D$1 -> S10 | E2: ='Valori input_2_40'!E$1 -> S11 | F2: ='Valori input_2_40'!F$1 -> S13 | G2: ='Valori input_2_40'!G$1 -> S15 | H2: ='Valori input_2_40'!H$1 -> S17 | I2: ='Valori input_2_40'!I$1 -> S19 | ... X2: ='Valori input_2_40'!X$1 -> S23
A3: RH [%] | B3: dm [g] | C3: dm [g] | D3: dm [g] | E3: dm [g] | F3: dm [g] | G3: dm [g] | H3: dm [g] | I3: dm [g] | J3: dm [g] | K3: dm [g] | L3: dm [g] | M3: dm [g] | N3: dm [g] | O3: dm [g] | P3: dm [g] | Q3: dm [g] | R3: dm [g] | S3: dm [g] | T3: dm [g] | U3: dm [g] | V3: dm [g] | W3: dm [g] | X3: dm [g]
A4: 0 | B4: ='Valori input_2_40'!B5*'Valori input_2_40'!B$3*'Valori input_2_40'!$B$16*'Valori input_2_40'!$B$18 -> 0 | C4: ='Valori input_2_40'!C5*'Valori input_2_40'!C$3*'Valori input_2_40'!$B$16*'Valori input_2_40'!$B$18 -> 0 | D4: ='Valori input_2_40'!D5*'Valori input_2_40'!D$3*'Valori input_2_40'!$B$16*'Valori input_2_40'!$B$18 -> 0 | E4: ='Valori input_2_40'!E5*'Valori input_2_40'!E$3*'Valori input_2_40'!$B$16*'Valori input_2_40'!$B$18 -> 0 | F4: ='Valori input_2_40'!F5*'Valori input_2_40'!F$3*'Valori input_2_40'!$B$16*'Valori input_2_40'!$B$18 -> 0 | G4: ='Valori input_2_40'!G5*'Valori input_2_40'!G$3*'Valori input_2_40'!$B$16*'Valori input_2_40'!$B$18 -> 0 | H4: ='Valori input_2_40'!H5*'Valori input_2_40'!H$3*'Valori input_2_40'!$B$16*'Valori input_2_40'!$B$18 -> 0 | I4: ='Valori input_2_40'!I5*'Valori input_2_40'!I$3*'Valori input_2_40'!$B$16*'Valori input_2_40'!$B$18 -> 0 | ... X4: ='Valori input_2_40'!X5*'Valori input_2_40'!X$3*'Valori input_2_40'!$B$16*'Valori input_2_40'!$B$18 -> 0
A5: 10 | B5: ='Valori input_2_40'!B6*'Valori input_2_40'!$B$18 -> 0.025721899 | C5: ='Valori input_2_40'!C6*'Valori input_2_40'!$B$18 -> 0.024112793 | D5: ='Valori input_2_40'!D6*'Valori input_2_40'!$B$18 -> 0.019785217 | E5: ='Valori input_2_40'!E6*'Valori input_2_40'!$B$18 -> 0.027092806 | F5: ='Valori input_2_40'!F6*'Valori input_2_40'!$B$18 -> 0.016241004 | G5: ='Valori input_2_40'!G6*'Valori input_2_40'!$B$18 -> 0.011619233 | H5: ='Valori input_2_40'!H6*'Valori input_2_40'!$B$18 -> 0.0052958845 | I5: ='Valori input_2_40'!I6*'Valori input_2_40'!$B$18 -> 0.0024607318 | ... L5: ='Valori input_2_40'!L6*'Valori input_2_40'!$B$18 -> 0.0099480179 | M5: ='Valori input_2_40'!M6*'Valori input_2_40'!M$3*'Valori input_2_40'!$B$16*'Valori input_2_40'!$B$18 -> 0 | N5: ='Valori input_2_40'!N6*'Valori input_2_40'!N$3*'Valori input_2_40'!$B$16*'Valori input_2_40'!$B$18 -> 0 | O5: ='Valori input_2_40'!O6*'Valori input_2_40'!O$3*'Valori input_2_40'!$B$16*'Valori input_2_40'!$B$18 -> 0 | P5: ='Valori input_2_40'!P6*'Valori input_2_40'!P$3*'Valori input_2_40'!$B$16*'Valori input_2_40'!$B$18 -> 0 | Q5: ='Valori input_2_40'!Q6*'Valori input_2_40'!Q$3*'Valori input_2_40'!$B$16*'Valori input_2_40'!$B$18 -> 0 | R5: ='Valori input_2_40'!R6*'Valori input_2_40'!R$3*'Valori input_2_40'!$B$16*'Valori input_2_40'!$B$18 -> 0 | S5: ='Valori input_2_40'!S6*'Valori input_2_40'!S$3*'Valori input_2_40'!$B$16*'Valori input_2_40'!$B$18 -> 0 | T5: ='Valori input_2_40'!T6*'Valori input_2_40'!T$3*'Valori input_2_40'!$B$16*'Valori input_2_40'!$B$18 -> 0 | ... X5: ='Valori input_2_40'!X6*'Valori input_2_40'!X$3*'Valori input_2_40'!$B$16*'Valori input_2_40'!$B$18 -> 0
A6: 20 | B6: ='Valori input_2_40'!B7*'Valori input_2_40'!$B$18 -> 0.046241412 | C6: ='Valori input_2_40'!C7*'Valori input_2_40'!$B$18 -> 0.037624503 | D6: ='Valori input_2_40'!D7*'Valori input_2_40'!$B$18 -> 0.049487229 | E6: ='Valori input_2_40'!E7*'Valori input_2_40'!$B$18 -> 0.062824285 | F6: ='Valori input_2_40'!F7*'Valori input_2_40'!$B$18 -> 0.034456404 | G6: ='Valori input_2_40'!G7*'Valori input_2_40'!$B$18 -> 0.034140464 | H6: ='Valori input_2_40'!H7*'Valori input_2_40'!$B$18 -> 0.013173842 | I6: ='Valori input_2_40'!I7*'Valori input_2_40'!$B$18 -> 0.0063703056 | ... L6: ='Valori input_2_40'!L7*'Valori input_2_40'!$B$18 -> 0.016707356 | M6: ='Valori input_2_40'!M7*'Valori input_2_40'!M$3*'Valori input_2_40'!$B$16*'Valori input_2_40'!$B$18 -> 0 | N6: ='Valori input_2_40'!N7*'Valori input_2_40'!N$3*'Valori input_2_40'!$B$16*'Valori input_2_40'!$B$18 -> 0 | O6: ='Valori input_2_40'!O7*'Valori input_2_40'!O$3*'Valori input_2_40'!$B$16*'Valori input_2_40'!$B$18 -> 0 | P6: ='Valori input_2_40'!P7*'Valori input_2_40'!P$3*'Valori input_2_40'!$B$16*'Valori input_2_40'!$B$18 -> 0 | Q6: ='Valori input_2_40'!Q7*'Valori input_2_40'!Q$3*'Valori input_2_40'!$B$16*'Valori input_2_40'!$B$18 -> 0 | R6: ='Valori input_2_40'!R7*'Valori input_2_40'!R$3*'Valori input_2_40'!$B$16*'Valori input_2_40'!$B$18 -> 0 | S6: ='Valori input_2_40'!S7*'Valori input_2_40'!S$3*'Valori input_2_40'!$B$16*'Valori input_2_40'!$B$18 -> 0 | T6: ='Valori input_2_40'!T7*'Valori input_2_40'!T$3*'Valori input_2_40'!$B$16*'Valori input_2_40'!$B$18 -> 0 | ... X6: ='Valori input_2_40'!X7*'Valori input_2_40'!X$3*'Valori input_2_40'!$B$16*'Valori input_2_40'!$B$18 -> 0
A7: 30 | B7: ='Valori input_2_40'!B8*'Valori input_2_40'!$B$18 -> 0.06195733 | C7: ='Valori input_2_40'!C8*'Valori input_2_40'!$B$18 -> 0.049453924 | D7: ='Valori input_2_40'!D8*'Valori input_2_40'!$B$18 -> 0.077996001 | E7: ='Valori input_2_40'!E8*'Valori input_2_40'!$B$18 -> 0.10484087 | F7: ='Valori input_2_40'!F8*'Valori input_2_40'!$B$18 -> 0.04971021 | G7: ='Valori input_2_40'!G8*'Valori input_2_40'!$B$18 -> 0.052214827 | H7: ='Valori input_2_40'!H8*'Valori input_2_40'!$B$18 -> 0.019286505 | I7: ='Valori input_2_40'!I8*'Valori input_2_40'!$B$18 -> 0.0091070073 | ... L7: ='Valori input_2_40'!L8*'Valori input_2_40'!$B$18 -> 0.020958929 | M7: ='Valori input_2_40'!M8*'Valori input_2_40'!M$3*'Valori input_2_40'!$B$16*'Valori input_2_40'!$B$18 -> 0 | N7: ='Valori input_2_40'!N8*'Valori input_2_40'!N$3*'Valori input_2_40'!$B$16*'Valori input_2_40'!$B$18 -> 0 | O7: ='Valori input_2_40'!O8*'Valori input_2_40'!O$3*'Valori input_2_40'!$B$16*'Valori input_2_40'!$B$18 -> 0 | P7: ='Valori input_2_40'!P8*'Valori input_2_40'!P$3*'Valori input_2_40'!$B$16*'Valori input_2_40'!$B$18 -> 0 | Q7: ='Valori input_2_40'!Q8*'Valori input_2_40'!Q$3*'Valori input_2_40'!$B$16*'Valori input_2_40'!$B$18 -> 0 | R7: ='Valori input_2_40'!R8*'Valori input_2_40'!R$3*'Valori input_2_40'!$B$16*'Valori input_2_40'!$B$18 -> 0 | S7: ='Valori input_2_40'!S8*'Valori input_2_40'!S$3*'Valori input_2_40'!$B$16*'Valori input_2_40'!$B$18 -> 0 | T7: ='Valori input_2_40'!T8*'Valori input_2_40'!T$3*'Valori input_2_40'!$B$16*'Valori input_2_40'!$B$18 -> 0 | ... X7: ='Valori input_2_40'!X8*'Valori input_2_40'!X$3*'Valori input_2_40'!$B$16*'Valori input_2_40'!$B$18 -> 0
A8: 40 | B8: ='Valori input_2_40'!B9*'Valori input_2_40'!$B$18 -> 0.077582613 | C8: ='Valori input_2_40'!C9*'Valori input_2_40'!$B$18 -> 0.065555823 | D8: ='Valori input_2_40'!D9*'Valori input_2_40'!$B$18 -> 0.11424471 | E8: ='Valori input_2_40'!E9*'Valori input_2_40'!$B$18 -> 0.16870821 | F8: ='Valori input_2_40'!F9*'Valori input_2_40'!$B$18 -> 0.063148844 | G8: ='Valori input_2_40'!G9*'Valori input_2_40'!$B$18 -> 0.071178563 | H8: ='Valori input_2_40'!H9*'Valori input_2_40'!$B$18 -> 0.025741687 | I8: ='Valori input_2_40'!I9*'Valori input_2_40'!$B$18 -> 0.012280661 | ... L8: ='Valori input_2_40'!L9*'Valori input_2_40'!$B$18 -> 0.023848671 | M8: ='Valori input_2_40'!M9*'Valori input_2_40'!M$3*'Valori input_2_40'!$B$16*'Valori input_2_40'!$B$18 -> 0 | N8: ='Valori input_2_40'!N9*'Valori input_2_40'!N$3*'Valori input_2_40'!$B$16*'Valori input_2_40'!$B$18 -> 0 | O8: ='Valori input_2_40'!O9*'Valori input_2_40'!O$3*'Valori input_2_40'!$B$16*'Valori input_2_40'!$B$18 -> 0 | P8: ='Valori input_2_40'!P9*'Valori input_2_40'!P$3*'Valori input_2_40'!$B$16*'Valori input_2_40'!$B$18 -> 0 | Q8: ='Valori input_2_40'!Q9*'Valori input_2_40'!Q$3*'Valori input_2_40'!$B$16*'Valori input_2_40'!$B$18 -> 0 | R8: ='Valori input_2_40'!R9*'Valori input_2_40'!R$3*'Valori input_2_40'!$B$16*'Valori input_2_40'!$B$18 -> 0 | S8: ='Valori input_2_40'!S9*'Valori input_2_40'!S$3*'Valori input_2_40'!$B$16*'Valori input_2_40'!$B$18 -> 0 | T8: ='Valori input_2_40'!T9*'Valori input_2_40'!T$3*'Valori input_2_40'!$B$16*'Valori input_2_40'!$B$18 -> 0 | ... X8: ='Valori input_2_40'!X9*'Valori input_2_40'!X$3*'Valori input_2_40'!$B$16*'Valori input_2_40'!$B$18 -> 0
A9: 50 | B9: ='Valori input_2_40'!B10*'Valori input_2_40'!$B$18 -> 0.10074864 | C9: ='Valori input_2_40'!C10*'Valori input_2_40'!$B$18 -> 0.085903495 | D9: ='Valori input_2_40'!D10*'Valori input_2_40'!$B$18 -> 0.17659959 | E9: ='Valori input_2_40'!E10*'Valori input_2_40'!$B$18 -> 0.2846483 | F9: ='Valori input_2_40'!F10*'Valori input_2_40'!$B$18 -> 0.077128845 | G9: ='Valori input_2_40'!G10*'Valori input_2_40'!$B$18 -> 0.093441588 | H9: ='Valori input_2_40'!H10*'Valori input_2_40'!$B$18 -> 0.04004848 | I9: ='Valori input_2_40'!I10*'Valori input_2_40'!$B$18 -> 0.017294115 | ... L9: ='Valori input_2_40'!L10*'Valori input_2_40'!$B$18 -> 0.03117267 | M9: ='Valori input_2_40'!M10*'Valori input_2_40'!M$3*'Valori input_2_40'!$B$16*'Valori input_2_40'!$B$18 -> 0 | N9: ='Valori input_2_40'!N10*'Valori input_2_40'!N$3*'Valori input_2_40'!$B$16*'Valori input_2_40'!$B$18 -> 0 | O9: ='Valori input_2_40'!O10*'Valori input_2_40'!O$3*'Valori input_2_40'!$B$16*'Valori input_2_40'!$B$18 -> 0 | P9: ='Valori input_2_40'!P10*'Valori input_2_40'!P$3*'Valori input_2_40'!$B$16*'Valori input_2_40'!$B$18 -> 0 | Q9: ='Valori input_2_40'!Q10*'Valori input_2_40'!Q$3*'Valori input_2_40'!$B$16*'Valori input_2_40'!$B$18 -> 0 | R9: ='Valori input_2_40'!R10*'Valori input_2_40'!R$3*'Valori input_2_40'!$B$16*'Valori input_2_40'!$B$18 -> 0 | S9: ='Valori input_2_40'!S10*'Valori input_2_40'!S$3*'Valori input_2_40'!$B$16*'Valori input_2_40'!$B$18 -> 0 | T9: ='Valori input_2_40'!T10*'Valori input_2_40'!T$3*'Valori input_2_40'!$B$16*'Valori input_2_40'!$B$18 -> 0 | ... X9: ='Valori input_2_40'!X10*'Valori input_2_40'!X$3*'Valori input_2_40'!$B$16*'Valori input_2_40'!$B$18 -> 0
A10: 60 | B10: ='Valori input_2_40'!B11*'Valori input_2_40'!$B$18 -> 0.12744938 | C10: ='Valori input_2_40'!C11*'Valori input_2_40'!$B$18 -> 0.10902828 | D10: ='Valori input_2_40'!D11*'Valori input_2_40'!$B$18 -> 0.28973168 | E10: ='Valori input_2_40'!E11*'Valori input_2_40'!$B$18 -> 0.47507355 | F10: ='Valori input_2_40'!F11*'Valori input_2_40'!$B$18 -> 0.094930259 | G10: ='Valori input_2_40'!G11*'Valori input_2_40'!$B$18 -> 0.12563117 | H10: ='Valori input_2_40'!H11*'Valori input_2_40'!$B$18 -> 0.055461875 | I10: ='Valori input_2_40'!I11*'Valori input_2_40'!$B$18 -> 0.0247683 | ... L10: ='Valori input_2_40'!L11*'Valori input_2_40'!$B$18 -> 0.048560942 | M10: ='Valori input_2_40'!M11*'Valori input_2_40'!M$3*'Valori input_2_40'!$B$16*'Valori input_2_40'!$B$18 -> 0 | N10: ='Valori input_2_40'!N11*'Valori input_2_40'!N$3*'Valori input_2_40'!$B$16*'Valori input_2_40'!$B$18 -> 0 | O10: ='Valori input_2_40'!O11*'Valori input_2_40'!O$3*'Valori input_2_40'!$B$16*'Valori input_2_40'!$B$18 -> 0 | P10: ='Valori input_2_40'!P11*'Valori input_2_40'!P$3*'Valori input_2_40'!$B$16*'Valori input_2_40'!$B$18 -> 0 | Q10: ='Valori input_2_40'!Q11*'Valori input_2_40'!Q$3*'Valori input_2_40'!$B$16*'Valori input_2_40'!$B$18 -> 0 | R10: ='Valori input_2_40'!R11*'Valori input_2_40'!R$3*'Valori input_2_40'!$B$16*'Valori input_2_40'!$B$18 -> 0 | S10: ='Valori input_2_40'!S11*'Valori input_2_40'!S$3*'Valori input_2_40'!$B$16*'Valori input_2_40'!$B$18 -> 0 | T10: ='Valori input_2_40'!T11*'Valori input_2_40'!T$3*'Valori input_2_40'!$B$16*'Valori input_2_40'!$B$18 -> 0 | ... X10: ='Valori input_2_40'!X11*'Valori input_2_40'!X$3*'Valori input_2_40'!$B$16*'Valori input_2_40'!$B$18 -> 0
A11: 70 | B11: ='Valori input_2_40'!B12*'Valori input_2_40'!$B$18 -> 0.15686914 | C11: ='Valori input_2_40'!C12*'Valori input_2_40'!$B$18 -> 0.13573126 | D11: ='Valori input_2_40'!D12*'Valori input_2_40'!$B$18 -> 0.39541409 | E11: ='Valori input_2_40'!E12*'Valori input_2_40'!$B$18 -> 0.62693233 | F11: ='Valori input_2_40'!F12*'Valori input_2_40'!$B$18 -> 0.11668047 | G11: ='Valori input_2_40'!G12*'Valori input_2_40'!$B$18 -> 0.17362864 | H11: ='Valori input_2_40'!H12*'Valori input_2_40'!$B$18 -> 0.092322285 | I11: ='Valori input_2_40'!I12*'Valori input_2_40'!$B$18 -> 0.036749994 | ... L11: ='Valori input_2_40'!L12*'Valori input_2_40'!$B$18 -> 0.097669938 | M11: ='Valori input_2_40'!M12*'Valori input_2_40'!M$3*'Valori input_2_40'!$B$16*'Valori input_2_40'!$B$18 -> 0 | N11: ='Valori input_2_40'!N12*'Valori input_2_40'!N$3*'Valori input_2_40'!$B$16*'Valori input_2_40'!$B$18 -> 0 | O11: ='Valori input_2_40'!O12*'Valori input_2_40'!O$3*'Valori input_2_40'!$B$16*'Valori input_2_40'!$B$18 -> 0 | P11: ='Valori input_2_40'!P12*'Valori input_2_40'!P$3*'Valori input_2_40'!$B$16*'Valori input_2_40'!$B$18 -> 0 | Q11: ='Valori input_2_40'!Q12*'Valori input_2_40'!Q$3*'Valori input_2_40'!$B$16*'Valori input_2_40'!$B$18 -> 0 | R11: ='Valori input_2_40'!R12*'Valori input_2_40'!R$3*'Valori input_2_40'!$B$16*'Valori input_2_40'!$B$18 -> 0 | S11: ='Valori input_2_40'!S12*'Valori input_2_40'!S$3*'Valori input_2_40'!$B$16*'Valori input_2_40'!$B$18 -> 0 | T11: ='Valori input_2_40'!T12*'Valori input_2_40'!T$3*'Valori input_2_40'!$B$16*'Valori input_2_40'!$B$18 -> 0 | ... X11: ='Valori input_2_40'!X12*'Valori input_2_40'!X$3*'Valori input_2_40'!$B$16*'Valori input_2_40'!$B$18 -> 0
A12: 80 | B12: ='Valori input_2_40'!B13*'Valori input_2_40'!$B$18 -> 0.20950931 | C12: ='Valori input_2_40'!C13*'Valori input_2_40'!$B$18 -> 0.18913723 | D12: ='Valori input_2_40'!D13*'Valori input_2_40'!$B$18 -> 0.55295408 | E12: ='Valori input_2_40'!E13*'Valori input_2_40'!$B$18 -> 0.86755817 | F12: ='Valori input_2_40'!F13*'Valori input_2_40'!$B$18 -> 0.16479842 | G12: ='Valori input_2_40'!G13*'Valori input_2_40'!$B$18 -> 0.25932408 | H12: ='Valori input_2_40'!H13*'Valori input_2_40'!$B$18 -> 0.14912789 | I12: ='Valori input_2_40'!I13*'Valori input_2_40'!$B$18 -> 0.065266886 | ... L12: ='Valori input_2_40'!L13*'Valori input_2_40'!$B$18 -> 0.47461512 | M12: ='Valori input_2_40'!M13*'Valori input_2_40'!M$3*'Valori input_2_40'!$B$16*'Valori input_2_40'!$B$18 -> 0 | N12: ='Valori input_2_40'!N13*'Valori input_2_40'!N$3*'Valori input_2_40'!$B$16*'Valori input_2_40'!$B$18 -> 0 | O12: ='Valori input_2_40'!O13*'Valori input_2_40'!O$3*'Valori input_2_40'!$B$16*'Valori input_2_40'!$B$18 -> 0 | P12: ='Valori input_2_40'!P13*'Valori input_2_40'!P$3*'Valori input_2_40'!$B$16*'Valori input_2_40'!$B$18 -> 0 | Q12: ='Valori input_2_40'!Q13*'Valori input_2_40'!Q$3*'Valori input_2_40'!$B$16*'Valori input_2_40'!$B$18 -> 0 | R12: ='Valori input_2_40'!R13*'Valori input_2_40'!R$3*'Valori input_2_40'!$B$16*'Valori input_2_40'!$B$18 -> 0 | S12: ='Valori input_2_40'!S13*'Valori input_2_40'!S$3*'Valori input_2_40'!$B$16*'Valori input_2_40'!$B$18 -> 0 | T12: ='Valori input_2_40'!T13*'Valori input_2_40'!T$3*'Valori input_2_40'!$B$16*'Valori input_2_40'!$B$18 -> 0 | ... X12: ='Valori input_2_40'!X13*'Valori input_2_40'!X$3*'Valori input_2_40'!$B$16*'Valori input_2_40'!$B$18 -> 0
B15: 0.030964556 | C15: 0.017534718 | D15: 0.11659475 | E15: 0.11189055 | F15: 0.013159302 | G15: 0.021001359 | H15: 0.014036609 | I15: 0.006602665 | J15: 0.014505474 | K15: 0.0098463597 | L15: 0.053593492
B16: 7.3783222 | C16: 7.6085548 | D16: 1 | E16: 1 | F16: 7.894537 | G16: 3.2931428 | H16: 1.1726841 | I16: 1.3638904 | J16: 1.5364728 | K16: 7.6030144 | L16: 1
B17: 10.233963 | C17: 12.264429 | D17: 9.8877109 | E17: 9.6810606 | F17: 11.229845 | G17: 17.360071 | H17: 24.669088 | I17: 86.46059 | J17: 98.849199 | K17: 12.251746 | L17: 109.1227
B18: 2.3887288 | C18: 2.7847207 | D18: 3.7253401 | E18: 6.3391206 | F18: 5.2949708 | G18: 2.5313633 | H18: 3.779306 | I18: 4.7668843 | J18: 3.432984 | K18: 1.4008833 | L18: 76.52239
B19: 0.99824004 | C19: 0.99781819 | D19: 0.99803467 | E19: 0.99462222 | F19: 0.99168114 | G19: 0.99884371 | H19: 0.99827859 | I19: 0.99712919 | J19: 0.99845342 | K19: 0.99944882 | L19: 0.77992213

Sheet Valori input_1_20
B1: S01 | C1: S02 | D1: S03 | E1: S04 | F1: S05 | G1: S06 | H1: S07 | I1: S08 | J1: S09 | K1: S10 | L1: S11 | M1: S12 | N1: S13 | O1: S14 | P1: S15 | Q1: S16 | R1: S17 | S1: S18 | T1: S19 | U1: S20 | V1: S21 | W1: S22 | X1: S23
A2: Sample name | B2: SrB_50 | C2: LiCl_50 | D2: MgCl_50 | E2: CaCl_50 | F2: MgN_50 | G2: ZnN_50 | H2: AlS_50 | I2: CuS_50 | J2: KAlS_50 | K2: MgS_50 | L2: PC | M2: KC_50
A3: Initial mass [mg] | B3: 622.53 | C3: 502.15 | D3: 969.51 | E3: 698.81 | F3: 697.02 | G3: 483.36 | H3: 566.07 | I3: 665.17 | J3: 486.02 | K3: 489.88 | L3: 296.66 | M3: 726.17
A4: RH [%] | B4: dm [%] | C4: dm [%] | D4: dm [%] | E4: dm [%] | F4: dm [%] | G4: dm [%] | H4: dm [%] | I4: dm [%] | J4: dm [%] | K4: dm [%] | L4: dm [%] | M4: dm [%] | N4: dm [%] | O4: dm [%] | P4: dm [%] | Q4: dm [%] | R4: dm [%] | S4: dm [%] | T4: dm [%] | U4: dm [%] | V4: dm [%] | W4: dm [%] | X4: dm [%]
A5: 0 | B5: 0 | C5: 0 | D5: 0 | E5: 0 | F5: 0 | G5: 0 | H5: 0 | I5: 0 | J5: 0 | K5: 0 | L5: 0 | M5: 0
A6: 10 | B6: 4.9218512 | C6: 6.0460022 | D6: 3.7255933 | E6: 4.6421774 | F6: 3.0415196 | G6: 1.7626614 | H6: 1.0122423 | I6: 0.47356315 | J6: 1.9237891 | K6: 2.2025802 | L6: 1.7494775 | M6: 1.5382073
A7: 20 | B7: 9.699131 | C7: 12.235388 | D7: 6.5001908 | E7: 6.914612 | F7: 5.1605406 | G7: 6.9347898 | H7: 1.7383009 | I7: 0.75619766 | J7: 2.9813588 | K7: 3.2130318 | L7: 2.7877031 | M7: 2.7651927
A8: 30 | B8: 11.801841 | C8: 18.247536 | D8: 9.3232664 | E8: 9.8395844 | F8: 7.4574618 | G8: 9.5642999 | H8: 2.3654318 | I8: 0.98471068 | J8: 3.9093041 | K8: 4.105087 | L8: 3.7248028 | M8: 3.4303262
A9: 40 | B9: 13.331084 | C9: 25.956388 | D9: 12.639375 | E9: 12.554199 | F9: 9.4803592 | G9: 12.305528 | H9: 2.9907962 | I9: 1.2057068 | J9: 4.8475371 | K9: 4.9828529 | L9: 4.6147104 | M9: 4.4314692
A10: 50 | B10: 15.629769 | C10: 32.912476 | D10: 17.12102 | E10: 16.5882 | F10: 11.595076 | G10: 15.50811 | H10: 4.0666349 | I10: 1.5244223 | J10: 5.9133369 | K10: 5.9606434 | L10: 5.5888896 | M10: 5.429858
A11: 60 | B11: 22.511365 | C11: 41.646918 | D11: 26.637167 | E11: 32.855855 | F11: 14.170325 | G11: 19.823734 | H11: 5.0841769 | I11: 1.943864 | J11: 7.2877659 | K11: 7.358945 | L11: 6.9102676 | M11: 6.8744233
A12: 70 | B12: 26.649318 | C12: 53.912178 | D12: 35.832534 | E12: 42.572373 | F12: 18.325156 | G12: 26.770937 | H12: 11.403183 | I12: 3.24278 | J12: 9.3802724 | K12: 9.5370295 | L12: 8.6091822 | M12: 9.8585731
A13: 80 | B13: 33.026521 | C13: 74.418003 | D13: 48.149065 | E13: 56.133999 | F13: 26.616166 | G13: 39.202665 | H13: 20.213048 | I13: 7.2567915 | J13: 13.092054 | K13: 13.333878 | L13: 11.514866 | M13: 23.774047
A14: 90 | B14: 46.666024 | C14: 109.37768 | D14: 67.504203 | E14: 78.899844 | F14: 40.591375 | G14: 61.316617 | H14: 23.145547 | I14: 8.9931897 | J14: 18.894284 | K14: 18.545358 | L14: 16.314973 | M14: 58.745197
A16: Conversion factor mg to g | B16: 0.001
A18: Conversion factor % to fraction | B18: 0.01
A21: nome file | B21: Initial_dataset_50
A22: T isotherm [°C] | B22: 20

Sheet Valori input_1_40
B1: S01 | C1: S02 | D1: S03 | E1: S04 | F1: S05 | G1: S06 | H1: S07 | I1: S08 | J1: S09 | K1: S10 | L1: S11 | M1: S12 | N1: S13 | O1: S14 | P1: S15 | Q1: S16 | R1: S17 | S1: S18 | T1: S19 | U1: S20 | V1: S21 | W1: S22 | X1: S23
A2: Sample name | B2: SrB_50 | C2: LiCl_50 | D2: MgCl_50 | E2: CaCl_50 | F2: MgN_50 | G2: ZnN_50 | H2: AlS_50 | I2: CuS_50 | J2: KAlS_50 | K2: MgS_50 | L2: PC | M2: KC_50
A3: Initial mass [mg] | B3: 437.18 | C3: 305.31 | D3: 468.33 | E3: 296.61 | F3: 464.38 | G3: 302.94 | H3: 344.94 | I3: 403.77 | J3: 351.67 | K3: 292.43 | L3: 314.64 | M3: 546.45
A4: RH [%] | B4: dm [%] | C4: dm [%] | D4: dm [%] | E4: dm [%] | F4: dm [%] | G4: dm [%] | H4: dm [%] | I4: dm [%] | J4: dm [%] | K4: dm [%] | L4: dm [%] | M4: dm [%] | N4: dm [%] | O4: dm [%] | P4: dm [%] | Q4: dm [%] | R4: dm [%] | S4: dm [%] | T4: dm [%] | U4: dm [%] | V4: dm [%] | W4: dm [%] | X4: dm [%]
A5: 0 | B5: 0 | C5: 0 | D5: 0 | E5: 0 | F5: 0 | G5: 0 | H5: 0 | I5: 0 | J5: 0 | K5: 0 | L5: 0 | M5: 0
A6: 10 | B6: 3.7192918 | C6: 4.0581704 | D6: 3.0277796 | E6: 3.8940022 | F6: 2.7046815 | G6: 1.4689377 | H6: 0.66968168 | I6: 0.31948882 | J6: 1.404726 | K6: 1.525983 | L6: 1.3221459 | M6: 1.5847745
A7: 20 | B7: 8.1613981 | C7: 9.6819626 | D7: 5.3381163 | E7: 5.795489 | F7: 4.5759938 | G7: 5.2815739 | H7: 1.2291993 | I7: 0.5597246 | J7: 2.2350499 | K7: 2.4230135 | L7: 2.1453089 | M7: 2.4796413
A8: 30 | B8: 10.496821 | C8: 14.922538 | D8: 7.9666047 | E8: 9.0826338 | F8: 6.7595504 | G8: 7.496534 | H8: 1.6959471 | I8: 0.73309062 | J8: 2.923195 | K8: 3.0863349 | L8: 2.8381643 | M8: 3.1768689
A9: 40 | B9: 12.713299 | C9: 24.263863 | D9: 12.51468 | E9: 12.103435 | F9: 9.3802489 | G9: 10.249554 | H9: 2.6352409 | I9: 1.0005696 | J9: 4.3193903 | K9: 4.5298323 | L9: 4.2397661 | M9: 4.1870253
A10: 50 | B10: 17.697516 | C10: 30.444466 | D10: 15.723955 | E10: 16.263781 | F10: 11.081442 | G10: 12.873836 | H10: 3.012118 | I10: 1.1268792 | J10: 4.9478204 | K10: 5.1312895 | L10: 4.8849479 | M10: 4.5859639
A11: 60 | B11: 21.531177 | C11: 38.639416 | D11: 24.322593 | E11: 31.967904 | F11: 13.456652 | G11: 16.762395 | H11: 4.3050965 | I11: 1.5479109 | J11: 6.2132112 | K11: 6.3651361 | L11: 6.1212815 | M11: 6.2475981
A12: 70 | B12: 26.867652 | C12: 50.109725 | D12: 33.427284 | E12: 43.073396 | F12: 16.755674 | G12: 23.278537 | H12: 9.2334899 | I12: 2.1893652 | J12: 8.1553729 | K12: 8.4513335 | L12: 7.7771421 | M12: 11.117211
A13: 80 | B13: 35.953154 | C13: 69.463824 | D13: 46.537698 | E13: 58.595462 | F13: 24.342134 | G13: 34.528289 | H13: 19.974488 | I13: 6.8999678 | J13: 12.341115 | K13: 12.087572 | L13: 10.726545 | M13: 47.431604
A14: 90 | B14: 56.997118 | C14: 114.22816 | D14: 73.943587 | E14: 92.154681 | F14: 41.166717 | G14: 59.387998 | H14: 22.685105 | I14: 8.0639968 | J14: 17.519265 | K14: 16.971405 | L14: 15.045767 | M14: 87.764663
A16: Conversion factor mg to g | B16: 0.001
A18: Conversion factor % to fraction | B18: 0.01
A21: nome file | B21: Initial_dataset_50_40C_full
A22: T isotherm [°C] | B22: 40

Sheet Valori input_2_20
B1: S07 | C1: S09 | D1: S10 | E1: S11 | F1: S13 | G1: S15 | H1: S17 | I1: S19 | J1: S20 | K1: S21 | L1: S23 | M1: S12 | N1: S13 | O1: S14 | P1: S15 | Q1: S16 | R1: S17 | S1: S18 | T1: S19 | U1: S20 | V1: S21 | W1: S22 | X1: S23
A2: Sample name | B2: SrB_2 | C2: LiCl_2 | D2: MgCl_2 | E2: CaCl_2 | F2: MgN_2 | G2: ZnN_2 | H2: AlS_2 | I2: CuS_2 | J2: KAlS_2 | K2: MgS_2 | L2: KC_2 | M2: SrB_50_bis | N2: CaCl_50_bis | O2: MgN_50_bis | P2: ZnN_50_bis | Q2: AlS_50_bis | R2: MgS_50_bis
A3: Initial mass [mg] | B3: 548.5 | C3: 424.22 | D3: 670.26 | E3: 421.31 | F3: 292.63 | G3: 337.29 | H3: 364 | I3: 385.35 | J3: 308.09 | K3: 296.13 | L3: 657.9 | M3: 479.11 | N3: 499.45 | O3: 417.1 | P3: 395.84 | Q3: 257.17 | R3: 358.16
A4: RH [%] | B4: dm [%] | C4: dm [%] | D4: dm [%] | E4: dm [%] | F4: dm [%] | G4: dm [%] | H4: dm [%] | I4: dm [%] | J4: dm [%] | K4: dm [%] | L4: dm [%] | M4: dm [%] | N4: dm [%] | O4: dm [%] | P4: dm [%] | Q4: dm [%] | R4: dm [%] | S4: dm [%] | T4: dm [%] | U4: dm [%] | V4: dm [%] | W4: dm [%] | X4: dm [%]
A5: 0 | B5: 0 | C5: 0 | D5: 0 | E5: 0 | F5: 0 | G5: 0 | H5: 0 | I5: 0 | J5: 0 | K5: 0 | L5: 0 | M5: 0 | N5: 0 | O5: 0 | P5: 0 | Q5: 0 | R5: 0
A6: 10 | B6: 2.7402005 | C6: 2.5269907 | D6: 1.6411542 | E6: 3.1235907 | F6: 1.8795065 | G6: 1.2689377 | H6: 0.57417582 | I6: 0.17386791 | J6: 0.83092603 | K6: 0.99280721 | L6: 0.84663323 | M6: 3.1767235 | N6: 3.5639203 | O6: 1.9036202 | P6: 1.1545069 | Q6: 0.31496675 | R6: 0.91020773
A7: 20 | B7: 4.9735643 | C7: 3.9884965 | D7: 4.2714767 | E7: 7.7377703 | F7: 3.5642279 | G7: 3.3798808 | H7: 1.2637363 | I7: 0.50862852 | J7: 1.7202765 | K7: 1.7796238 | L7: 1.500228 | M7: 8.0524305 | N7: 5.3578937 | O7: 3.629825 | P7: 5.6058003 | Q7: 0.89823852 | R7: 1.7422381
A8: 30 | B8: 6.7183227 | C8: 5.3368535 | D8: 8.6190434 | E8: 13.023664 | F8: 5.3275467 | G8: 5.0994693 | H8: 2.0576923 | I8: 0.85895939 | J8: 2.7070012 | K8: 2.6913855 | L8: 1.995744 | M8: 10.292 | N8: 7.8446291 | O8: 6.0033565 | P8: 8.0512328 | Q8: 1.5476144 | R8: 2.6552379
A9: 40 | B9: 8.0255242 | C9: 6.6404224 | D9: 12.657775 | E9: 20.084973 | F9: 6.6910433 | G9: 6.7805153 | H9: 2.706044 | I9: 1.1599844 | J9: 3.5541563 | K9: 3.4376794 | L9: 2.375741 | M9: 11.690426 | N9: 10.403444 | O9: 7.9908895 | P9: 10.473929 | Q9: 2.0531166 | R9: 3.4202591
A10: 50 | B10: 10.030994 | C10: 9.016548 | D10: 19.966879 | E10: 31.37832 | F10: 8.2322387 | G10: 8.9566842 | H10: 4.717033 | I10: 1.793175 | J10: 5.0472265 | K10: 4.416979 | L10: 2.8438972 | M10: 14.19507 | N10: 15.15467 | O10: 10.203788 | P10: 13.523141 | Q10: 3.4918536 | R10: 4.4421488
A11: 60 | B11: 12.971741 | C11: 11.833483 | D11: 32.342673 | E11: 52.773492 | F11: 10.022896 | G11: 11.865161 | H11: 5.7692308 | I11: 2.3822499 | J11: 6.7999611 | K11: 5.7035761 | L11: 3.7695698 | M11: 20.786458 | N11: 32.76404 | O11: 12.951331 | P11: 17.67886 | Q11: 4.4173115 | R11: 5.9721912
A12: 70 | B12: 16.20784 | C12: 15.607468 | D12: 42.951989 | E12: 67.475256 | F12: 13.334245 | G12: 16.771917 | H12: 9.1071429 | I12: 3.4306475 | J12: 10.357363 | K12: 7.6723061 | L12: 6.0997112 | M12: 25.217591 | N12: 42.138352 | O12: 17.487413 | P12: 24.459378 | Q12: 9.2273593 | R12: 8.2895912
A13: 80 | B13: 20.758432 | C13: 22.19603 | D13: 59.106914 | E13: 91.395884 | F13: 20.011619 | G13: 26.345282 | H13: 14.700549 | I13: 6.6407162 | J13: 17.326106 | K13: 10.917502 | L13: 18.981608 | M13: 32.115798 | N13: 56.924617 | O13: 27.000719 | P13: 36.8558 | Q13: 15.833884 | R13: 12.287804
A14: 90 | B14: 32.435734 | C14: 37.591344 | D14: 85.87563 | E14: 131.39493 | F14: 30.099443 | G14: 46.200599 | H14: 19.431319 | I14: 9.7054626 | J14: 25.083579 | K14: 17.877284 | L14: 47.414501 | M14: 48.619315 | N14: 83.868255 | O14: 44.003836 | P14: 60.76445 | Q14: 18.824124 | R14: 17.732298
A16: Conversion factor mg to g | B16: 0.001
A18: Conversion factor % to fraction | B18: 0.01
A21: nome file | B21: Initial_dataset_2_20C
A22: T isotherm [°C] | B22: 20

Sheet Valori input_2_40
B1: S07 | C1: S09 | D1: S10 | E1: S11 | F1: S13 | G1: S15 | H1: S17 | I1: S19 | J1: S20 | K1: S21 | L1: S23 | M1: S12 | N1: S13 | O1: S14 | P1: S15 | Q1: S16 | R1: S17 | S1: S18 | T1: S19 | U1: S20 | V1: S21 | W1: S22 | X1: S23
A2: Sample name | B2: SrB_2 | C2: LiCl_2 | D2: MgCl_2 | E2: CaCl_2 | F2: MgN_2 | G2: ZnN_2 | H2: AlS_2 | I2: CuS_2 | J2: KAlS_2 | K2: MgS_2 | L2: KC_2
A3: Initial mass [mg] | B3: 551.67 | C3: 374.49 | D3: 620.16 | E3: 373.9 | F3: 314.02 | G3: 348.56 | H3: 379.54 | I3: 434.83 | J3: 366.99 | K3: 398.33 | L3: 602.13
A4: RH [%] | B4: dm [%] | C4: dm [%] | D4: dm [%] | E4: dm [%] | F4: dm [%] | G4: dm [%] | H4: dm [%] | I4: dm [%] | J4: dm [%] | K4: dm [%] | L4: dm [%] | M4: dm [%] | N4: dm [%] | O4: dm [%] | P4: dm [%] | Q4: dm [%] | R4: dm [%] | S4: dm [%] | T4: dm [%] | U4: dm [%] | V4: dm [%] | W4: dm [%] | X4: dm [%]
A5: 0 | B5: 0 | C5: 0 | D5: 0 | E5: 0 | F5: 0 | G5: 0 | H5: 0 | I5: 0 | J5: 0 | K5: 0 | L5: 0
A6: 10 | B6: 2.5721899 | C6: 2.4112793 | D6: 1.9785217 | E6: 2.7092806 | F6: 1.6241004 | G6: 1.1619233 | H6: 0.52958845 | I6: 0.24607318 | J6: 0.7602387 | K6: 1.132227 | L6: 0.99480179
A7: 20 | B7: 4.6241412 | C7: 3.7624503 | D7: 4.9487229 | E7: 6.2824285 | F7: 3.4456404 | G7: 3.4140464 | H7: 1.3173842 | I7: 0.63703056 | J7: 1.7139432 | K7: 2.0636156 | L7: 1.6707356
A8: 30 | B8: 6.195733 | C8: 4.9453924 | D8: 7.7996001 | E8: 10.484087 | F8: 4.971021 | G8: 5.2214827 | H8: 1.9286505 | I8: 0.91070073 | J8: 2.4823565 | K8: 2.7665503 | L8: 2.0958929
A9: 40 | B9: 7.7582613 | C9: 6.5555823 | D9: 11.424471 | E9: 16.870821 | F9: 6.3148844 | G9: 7.1178563 | H9: 2.5741687 | I9: 1.2280661 | J9: 3.3488651 | K9: 3.5146738 | L9: 2.3848671
A10: 50 | B10: 10.074864 | C10: 8.5903495 | D10: 17.659959 | E10: 28.46483 | F10: 7.7128845 | G10: 9.3441588 | H10: 4.004848 | I10: 1.7294115 | J10: 4.5723317 | K10: 4.3657269 | L10: 3.117267
A11: 60 | B11: 12.744938 | C11: 10.902828 | D11: 28.973168 | E11: 47.507355 | F11: 9.4930259 | G11: 12.563117 | H11: 5.5461875 | I11: 2.47683 | J11: 6.6323333 | K11: 5.6184571 | L11: 4.8560942
A12: 70 | B12: 15.686914 | C12: 13.573126 | D12: 39.541409 | E12: 62.693233 | F12: 11.668047 | G12: 17.362864 | H12: 9.2322285 | I12: 3.6749994 | J12: 10.248236 | K12: 7.3531996 | L12: 9.7669938
A13: 80 | B13: 20.950931 | C13: 18.913723 | D13: 55.295408 | E13: 86.755817 | F13: 16.479842 | G13: 25.932408 | H13: 14.912789 | I13: 6.5266886 | J13: 17.128532 | K13: 9.9314639 | L13: 47.461512
A16: Conversion factor mg to g | B16: 0.001
A18: Conversion factor % to fraction | B18: 0.01
A21: nome file | B21: Initial_dataset_2_40C
A22: T isotherm [°C] | B22: 40
